FIPS,Name,ToxPi Score,HClust Group,KMeans Group,Source,Infection Rate: Transmissible Cases!25!0xcc3333ff,Infection Rate: Disease Spread!5!0xe64d4dff,Pop Concentration: Pop Mobility!10!0x57b757ff,Pop Concentration: Residential Density!10!0x5ced5cff,Intervention: Social Distancing!10!0x4258c9ff,Intervention: Testing!10!0x6079f7ff,Health & Environment: Pop Demographics!10!0x6b0b9eff,Health & Environment: Air Pollution!10!0x8e26c4ff,Health & Environment: Age Distribution!10!0x9a42c8ff,Health & Environment: Co-morbidities!10!0xb460e0ff,Health & Environment: Health Disparities!10!0xc885ecff,Health & Environment: Hospital Beds!5!0xdeb9f1ff
17031,"Illinois, Cook",0.6060771716466171,7,4,"-87.8166,41.8414",0.736589299996082,0.354511309573491,0.8223579570945715,0.8758,0.75,0.481319346684492,0.6204805193272244,0.7185628742514971,0.4833394486037307,0.24747306287389806,0.3495823889441025,0.4166402860524928
17115,"Illinois, Macon",0.5334060166671484,6,7,"-88.9634,39.8606",0.5037784540464774,0.314465408805031,0.6376808931414331,0.6425,1.0,0.481319346684492,0.4974044912659008,0.5269461077844312,0.5978576089534523,0.3629156544616842,0.30935077533969396,0.3898429823791164
17197,"Illinois, Will",0.5128543284395474,5,4,"-87.9786,41.4462",0.6785168727738414,0.38812251578209006,0.6954881454202265,0.1465,1.0,0.481319346684492,0.5136111120658728,0.6167664670658684,0.4316532862111269,0.2524477494352078,0.11753275043684712,0.5300136166981062
17143,"Illinois, Peoria",0.5289993310601263,6,7,"-89.7608,40.787",0.4697696307032106,0.40384615384615397,0.6661074106686921,0.6444,1.0,0.481319346684492,0.5407952713969375,0.532934131736527,0.5357771420024626,0.3653022450018621,0.29983330729575386,0.33935125956749945
17089,"Illinois, Kane",0.5525811941822321,5,4,"-88.4286,41.9384",0.7501435402022821,0.596778071651839,0.7000308974914159,0.2958,1.0,0.481319346684492,0.5142449681911166,0.5868263473053893,0.4467440848690857,0.21739065632390295,0.2534259090738817,0.4754696620139778
17043,"Illinois, DuPage",0.5071370583200983,5,4,"-88.0864,41.8512",0.6856429110538145,0.42208022719204796,0.7772635894669608,0.3079,0.825,0.481319346684492,0.417252705181129,0.6107784431137724,0.4990893333193936,0.1776125604116309,0.07466638272254633,0.4863669537414844
17201,"Illinois, Winnebago",0.5894812470297056,5,4,"-89.1609,42.3364",0.7092838333912708,0.651079136690647,0.6912481563661588,0.5539999999999999,1.0,0.481319346684492,0.5386684023904593,0.5089820359281437,0.5494974081927578,0.3612228254256567,0.37059658257672784,0.428463356966846
17093,"Illinois, Kendall",0.4592984988919969,5,4,"-88.4287,41.5908",0.6563791880287408,0.470809792843691,0.6464548873698709,0.0478,1.0,0.481319346684492,0.4819861695458318,0.562874251497006,0.3453966168814669,0.21918203216347293,0.07986506551412335,0.0
1073,"Alabama, Jefferson",0.5667531333434345,6,7,"-86.8951,33.5555",0.5085504350590816,0.26152623211446696,0.7131715760532503,0.6211,1.0,0.6745456273075616,0.5905968650968513,0.6227544910179641,0.5117241638959221,0.42360075328414215,0.35635079449146795,0.33686138388166786
26161,"Michigan, Washtenaw",0.4715879612461676,6,4,"-83.8385,42.2531",0.5005930985376106,0.12490922294843901,0.7196138680653313,0.7873,0.675,0.5207425085050276,0.4999155712533015,0.4790419161676647,0.4555137084840577,0.15405395377820247,0.10430032005143758,0.3708606229076529
26163,"Michigan, Wayne",0.5664259638817462,7,4,"-83.2813,42.281",0.6064719590458748,0.111460535134299,0.8117573066985339,0.6587,0.75,0.5207425085050276,0.6277077665718496,0.502994011976048,0.504194780386106,0.44443555817580394,0.47411481163266705,0.4275352787879045
36029,"New York, Erie",0.5130452414026041,5,4,"-78.7306,42.7625",0.6213742561218427,0.272061898787118,0.7630551447653404,0.6355,0.825,0.2133728083960717,0.5687628246027425,0.4610778443113772,0.5627304600978258,0.31747316005085263,0.16069181507384336,0.43186974107266535
1117,"Alabama, Shelby",0.4758494106837127,8,6,"-86.6623,33.2688",0.4634919689864816,0.18158567774936102,0.6273675762855759,0.1764,1.0,0.6745456273075616,0.5070940498336849,0.5389221556886228,0.4939129750014257,0.313473726613206,0.0941261509282648,0.5455052210943652
25027,"Massachusetts, Worcester",0.5063975803949656,7,4,"-71.9049,42.3503",0.7253444062641488,0.3432468694096599,0.6618428811949516,0.7931,0.825,0.2607607252364325,0.41463707371570335,0.29341317365269465,0.5092312328105775,0.2284646101988448,0.12064461257587385,0.4757819903735804
1089,"Alabama, Madison",0.4954989023025623,8,6,"-86.5507,34.7633",0.3659307880831525,0.17883211678832103,0.6752706638204405,0.3836,1.0,0.6745456273075616,0.6346671043808639,0.5149700598802395,0.4939129750014257,0.370959371034868,0.2263406030977934,0.4304536913135885
1097,"Alabama, Mobile",0.605259157805864,7,7,"-88.2084,30.7847",0.6154258260996361,0.33514821536600103,0.6704170537884879,0.723,1.0,0.6745456273075616,0.6842760495622291,0.4670658682634731,0.5191044408593759,0.4579982025513245,0.4678370046721896,0.3907131052731322
25013,"Massachusetts, Hampden",0.5468828910671525,7,4,"-72.6324,42.1344",0.6843179237450339,0.23183323592441102,0.6903240079547597,0.843,1.0,0.2607607252364325,0.5248082488230783,0.311377245508982,0.5357771420024626,0.30533033539983256,0.3251718269455341,0.4255503582870648
25009,"Massachusetts, Essex",0.5035884650014726,7,4,"-70.9469,42.6688",0.7365841317563682,0.26097109268057,0.714390212086876,0.8045,0.675,0.2607607252364325,0.4575520194434646,0.2874251497005988,0.542700408721451,0.1905117833790181,0.13797142723958014,0.5041964219595644
36119,"New York, Westchester",0.5240281017366664,7,4,"-73.7574,41.1628",0.6953767151841469,0.0848699245531102,0.8257911120910538,0.9386,0.675,0.2133728083960717,0.5966747240849553,0.44311377245508987,0.5449798764246452,0.11299810812597914,0.18925397576975372,0.4593802882477169
1125,"Alabama, Tuscaloosa",0.567942655621703,6,7,"-87.5256,33.2873",0.5255760594791964,0.36746987951807203,0.6387607411293372,0.809,1.0,0.6745456273075616,0.5765381669303161,0.4970059880239522,0.4437744133187831,0.3860985791869958,0.3753562199842618,0.4010567418661029
25005,"Massachusetts, Bristol",0.5186692072486567,5,4,"-71.1087,41.7923",0.7131427627884475,0.32609457092819605,0.6729603460582114,0.6466,1.0,0.2607607252364325,0.4538639589523053,0.23353293413173656,0.542700408721451,0.28397598377787925,0.2052558249397773,0.4756214327103978
25021,"Massachusetts, Norfolk",0.4616757406214376,7,4,"-71.2053,42.1607",0.6621431338611751,0.189199739752765,0.7249923788213172,0.6603,0.675,0.2607607252364325,0.3919806775142294,0.3053892215568862,0.540406913436432,0.15548674238636928,0.026527013697613733,0.5602907611787408
2020,"Alaska, Anchorage",0.41760353786996346,8,8,"-149.1427,61.15",0.2550623554246081,0.0703517587939698,0.6681951130401846,0.8176,0.825,0.467922058651766,0.7185197689240339,0.0,0.3606106398115555,0.2811994770152286,0.18476294500321186,0.4468049059401152
4013,"Arizona, Maricopa",0.5795891859463114,7,7,"-112.4918,33.3484",0.5292608873151614,0.390705175194253,0.7290967847844378,0.7259,1.0,0.9184282401384838,0.6107802475859518,0.4550898203592814,0.4990893333193936,0.22542919834418,0.3222160698319449,0.4806606481603755
35001,"New Mexico, Bernalillo",0.5040043684409822,5,4,"-106.6704,35.0516",0.5121100426066629,0.296610169491525,0.7254474707324037,0.659,1.0,0.3114393562356921,0.6119202109818931,0.23353293413173656,0.5166605513962695,0.22240246810436898,0.3537419374344066,0.47465897046617406
18097,"Indiana, Marion",0.6207664687062667,6,7,"-86.1383,39.7816",0.6762183305855989,0.280300187617261,0.7837495282807024,0.6839,1.0,0.7908002546810069,0.5935093193310049,0.5868263473053893,0.4285603903886945,0.4010874635518759,0.4630601427132378,0.39478298460759137
18003,"Indiana, Allen",0.5556410495221121,6,6,"-85.068,41.0919",0.5813834228822878,0.38429319371727705,0.673939844871029,0.3878,1.0,0.7908002546810069,0.5136768651389199,0.5748502994011976,0.4833394486037307,0.3697772156014267,0.3085077359314863,0.3944326014664909
18057,"Indiana, Hamilton",0.4363830667763034,8,6,"-86.0524,40.0731",0.5199475662348405,0.18730808597748197,0.688638615345179,0.035,0.825,0.7908002546810069,0.3495495832998238,0.5149700598802395,0.4094437997825015,0.17483613465196032,0.029666459209190726,0.4867209385560972
18163,"Indiana, Vanderburgh",0.5561281508207575,6,7,"-87.5876,38.0266",0.460604162016565,0.288557213930348,0.6990751462885874,0.7096,1.0,0.7908002546810069,0.4534607432572845,0.5688622754491018,0.5380992168517501,0.41577185534834943,0.3029370991904099,0.3544125643727838
18089,"Indiana, Lake",0.6053346362327053,6,4,"-87.3828,41.4187",0.6405519583446604,0.29777939570440504,0.7264389672108085,0.504,1.0,0.7908002546810069,0.5944084841491332,0.6766467065868265,0.5287228277828,0.419081279110353,0.3971721381919737,0.35828540296412564
17167,"Illinois, Sangamon",0.5168273110264335,6,4,"-89.6587,39.7584",0.5155594669968989,0.34782608695652195,0.6515825944638117,0.6361,1.0,0.481319346684492,0.4704137868214503,0.5089820359281437,0.5517358041566147,0.3241828182696237,0.19431678937252406,0.3577930023265024
17097,"Illinois, Lake",0.5365069990527385,5,4,"-88.0037,42.3225",0.7167036885701973,0.38833847653077797,0.7175600967705097,0.5365,0.825,0.481319346684492,0.5212312440295588,0.5748502994011976,0.4640817135884802,0.19104013110600213,0.14803851506058166,0.5215753636550535
18105,"Indiana, Monroe",0.5110811918957533,8,8,"-86.5241,39.1613",0.3564814244748113,0.125,0.6737255438187925,0.8921,1.0,0.7908002546810069,0.3631053359671794,0.44311377245508987,0.43472072581226856,0.24944564164187336,0.3551862702739293,0.4652275857194959
33011,"New Hampshire, Hillsborough",0.5058019438727114,6,4,"-71.72,42.9154",0.6352987529726909,0.397619047619048,0.6945385324260481,0.4998,1.0,0.6734886446148715,0.3338859485135741,0.2694610778443114,0.5067215141840639,0.2419690170181025,0.0938556170647365,0.4434950810038636
34017,"New Jersey, Hudson",0.5527466569088623,7,4,"-74.0752,40.7377",0.7414986031038419,0.160682624113475,0.8556325871481312,0.8434,0.675,0.3726491416378683,0.5869882546909269,0.4131736526946108,0.41269877075759065,0.19142243575055345,0.3989619256711221,0.4506372463872687
32031,"Nevada, Washoe",0.5172864845673006,6,7,"-119.6632,40.6656",0.5243829891757033,0.226050420168067,0.6674109622528746,0.772,0.75,0.8212006515187138,0.5062541285157797,0.3233532934131737,0.5239446622367122,0.2088395943217312,0.267592319680929,0.4030055242561019
36001,"New York, Albany",0.4716371350468245,5,4,"-73.9772,42.6006",0.5929059568002459,0.217165149544863,0.7767778967261484,0.7297,0.675,0.2133728083960717,0.4796057874393345,0.3652694610778443,0.5380992168517501,0.2301755186392572,0.10820162072188216,0.3768288229199451
32003,"Nevada, Clark",0.5431136069413277,6,7,"-115.013,36.2146",0.5088782660438961,0.213371537726839,0.7073273408593914,0.7443,0.75,0.8212006515187138,0.6042313239806841,0.38323353293413176,0.4886637078344629,0.2777732571340662,0.4069748351712813,0.4526680067214104
34031,"New Jersey, Passaic",0.5516933011540557,7,2,"-74.2995,41.0324",0.7393214572752018,0.14172806430006699,0.7927174898013095,0.9067,0.575,0.3726491416378683,0.6092525695258874,0.4011976047904192,0.4833394486037307,0.2173473687207196,0.3873687185042151,0.4628524950070155
34039,"New Jersey, Union",0.5363647431486918,7,4,"-74.3068,40.6584",0.7052608131251616,0.11820314656362099,0.8224708523930072,0.7905,0.675,0.3726491416378683,0.6148609654283366,0.44311377245508987,0.4833394486037307,0.1807977826868272,0.2872346922219587,0.42467805567422573
34013,"New Jersey, Essex",0.5495372330291723,7,2,"-74.2466,40.7868",0.6888155722361031,0.130969384586723,0.8402131726402379,0.9411,0.5,0.3726491416378683,0.669795779609172,0.4131736526946108,0.4612475416970637,0.2746424349063969,0.41953032864082745,0.3786794763097173
35013,"New Mexico, Do√±a Ana",0.5242838339271891,7,7,"-106.8329,32.3528",0.5220862975505821,0.45555555555555605,0.5944400406374546,0.9723,0.75,0.3114393562356921,0.4794317984404492,0.2874251497005988,0.5092312328105775,0.2684139038948714,0.5977937156404829,0.5001584101510076
20177,"Kansas, Shawnee",0.5594963425211321,6,7,"-95.7557,39.041",0.471657634710685,0.342391304347826,0.6617078532670299,0.7755,1.0,0.8996220432522731,0.5791974407283141,0.39520958083832336,0.560557323866868,0.3950034865202303,0.19305012236056332,0.3670333834598464
18141,"Indiana, St. Joseph",0.5896703956426987,7,7,"-86.2904,41.6176",0.5870615399964038,0.302931596091205,0.6924789469681146,0.7157,1.0,0.7908002546810069,0.5432148410019714,0.5868263473053893,0.5142005305328247,0.3588845986400616,0.3324965975488379,0.4343163616378327
19013,"Iowa, Black Hawk",0.5639171883331776,5,4,"-92.3052,42.4705",0.6899992331340189,0.22803617571059398,0.7228965534919621,0.6663,1.0,0.6909474628027332,0.4763197515286527,0.38323353293413176,0.5239446622367122,0.32745921242557857,0.21318935696172409,0.4113163021857589
18157,"Indiana, Tippecanoe",0.5729277901729094,7,7,"-86.8941,40.3887",0.5674744131741638,0.590747330960854,0.6794334464087048,0.8424,1.0,0.7908002546810069,0.4258247221093605,0.4730538922155689,0.3927283612037091,0.30777125644742875,0.3307633017802838,0.4095248877989363
20173,"Kansas, Sedgwick",0.5285513148025005,6,6,"-97.4608,37.6843",0.4281706836047057,0.230188679245283,0.6744709358404037,0.4588,1.0,0.8996220432522731,0.5846584051572747,0.4191616766467066,0.4752076683887773,0.3481233750516776,0.3075393066070127,0.5075739509054491
20045,"Kansas, Douglas",0.4921191723243486,8,8,"-95.2925,38.885",0.2892976758075508,0.135593220338983,0.6517191846459752,0.6991,1.0,0.8996220432522731,0.5851394838823794,0.407185628742515,0.4061601502796258,0.2257452491624587,0.2172800072463567,0.5369942143088092
19153,"Iowa, Polk",0.5591227524416195,5,4,"-93.5777,41.6868",0.7119648569718668,0.5749909649439828,0.8104493521524427,0.6157,1.0,0.6909474628027332,0.44608059578821657,0.33532934131736525,0.4407808887294848,0.2679348458420269,0.11436560110131133,0.4000773857700113
19103,"Iowa, Johnson",0.4878076094359957,6,4,"-91.5875,41.6717",0.5276005859478279,0.15929203539823,0.7277482196789995,0.8593,0.75,0.6909474628027332,0.4444868582091192,0.377245508982036,0.38929338935206537,0.1778279688586005,0.14028204660915433,0.2836323617771063
20209,"Kansas, Wyandotte",0.6393613751383507,7,2,"-94.7638,39.1173",0.684518386883765,0.37112488928255105,0.7132492112934719,0.6686,1.0,0.8996220432522731,0.6747129674931698,0.4251497005988024,0.4191246507650109,0.4749328344909778,0.6573922294146436,0.3247502801406921
20091,"Kansas, Johnson",0.4539314773228538,8,6,"-94.8225,38.8855",0.4457757466226031,0.261755485893417,0.7188374578012561,0.0783,1.0,0.8996220432522731,0.41336461814524894,0.407185628742515,0.4752076683887773,0.1515841679618103,0.04324506694267705,0.4829594115957949
19113,"Iowa, Linn",0.499906528946772,5,6,"-91.5981,42.0792",0.5753955972498992,0.23696145124716603,0.7567756337278777,0.3938,1.0,0.6909474628027332,0.3953487524122528,0.4011976047904192,0.5166605513962695,0.3042139896227721,0.0419686433666265,0.3818985099347364
19163,"Iowa, Scott",0.4902033637387742,6,6,"-90.6196,41.6394",0.4809262525904538,0.225589225589226,0.7415464835068445,0.3591,1.0,0.6909474628027332,0.4548758350546085,0.4371257485029941,0.5191044408593759,0.3295254605409452,0.1168742425864868,0.3266642572198831
19193,"Iowa, Woodbury",0.6219576926546141,5,4,"-96.0459,42.3898",0.8491790968962499,0.563240170535291,0.6782553211350489,0.7911,1.0,0.6909474628027332,0.5756250709048315,0.3592814371257485,0.4965101409658336,0.34866384433993225,0.27617400073210363,0.30669210533634633
25017,"Massachusetts, Middlesex",0.4754291828943959,7,4,"-71.3905,42.4861",0.6922192515828053,0.22858034645997,0.7420175943865811,0.8195,0.675,0.2607607252364325,0.3842149254056825,0.32934131736526945,0.504194780386106,0.10757480891524353,0.02603388563114671,0.4987768933329762
34021,"New Jersey, Mercer",0.5427215581317144,7,4,"-74.7048,40.2805",0.7421570686406591,0.28133262823902694,0.7515274310886779,0.8672,0.675,0.3726491416378683,0.5862530127601022,0.34730538922155696,0.4990893333193936,0.21280758556629967,0.2515923977334417,0.4490723991958557
4027,"Arizona, Yuma",0.5937429505564835,7,2,"-113.9067,32.769",0.5882563812370437,0.712903225806452,0.5401861281391742,0.9796,0.575,0.9184282401384838,0.4913814802479325,0.29940119760479045,0.579673914473061,0.3374015500724912,0.6254268346225047,0.4963899413235429
5143,"Arkansas, Washington",0.5343453879395761,6,7,"-94.218,35.9768",0.40150414589025424,0.33587786259541996,0.6455934933684224,0.8825,1.0,0.7587244062570054,0.5101972448661501,0.4131736526946108,0.3995047625702957,0.3102842949863696,0.3763694572327035,0.4225414824915945
5131,"Arkansas, Sebastian",0.4900396885968458,8,8,"-94.2716,35.1961",0.13369535108067582,0.133333333333333,0.6514281151834136,0.6998,1.0,0.7587244062570054,0.6139979932089248,0.4550898203592814,0.5166605513962695,0.41291234500271545,0.4519729519135091,0.32800975954219674
5031,"Arkansas, Craighead",0.5779380045370272,6,7,"-90.6324,35.8302",0.4998726164404515,0.384615384615385,0.6165202735210171,0.9058,1.0,0.7587244062570054,0.5571524871570954,0.4670658682634731,0.4668944952995217,0.4543392360868154,0.3791646526187401,0.3531488082007001
5119,"Arkansas, Pulaski",0.5426833029438196,8,7,"-92.3136,34.7705",0.4736784293764457,0.21225710014947696,0.6963462560851937,0.631,1.0,0.7587244062570054,0.6190221214599879,0.4670658682634731,0.4990893333193936,0.3907720264324182,0.2769800615578968,0.30843317981304497
5007,"Arkansas, Benton",0.4621601770909767,8,6,"-94.2568,36.3364",0.3518466246366969,0.23021582733812998,0.6363369949641813,0.3136,1.0,0.7587244062570054,0.4685057417149416,0.44311377245508987,0.4612475416970637,0.2694307240753515,0.1730867468158369,0.5164636207938621
6001,"California, Alameda",0.5159765176072396,6,7,"-121.8929,37.6463",0.4945713675332355,0.308829742289818,0.8065752616514845,0.9159999999999999,0.675,0.7042409248759723,0.5803509862045476,0.44311377245508987,0.4612475416970637,0.08151176342271371,0.16391244483476056,0.4538209699417298
6059,"California, Orange",0.491895746182189,6,4,"-117.7646,33.7015",0.5084248395417731,0.384969696969697,0.8350019379227094,0.5683,0.675,0.7042409248759723,0.403880422408021,0.4550898203592814,0.4833394486037307,0.08936935715260824,0.2406761274823981,0.4605036822667208
6013,"California, Contra Costa",0.4674239337027524,6,6,"-121.929,37.9192",0.39053427587146855,0.17545454545454503,0.7715544493254937,0.4795,0.675,0.7042409248759723,0.5594789321905729,0.5149700598802395,0.5117241638959221,0.13769884905996788,0.1674380575620418,0.5142615441765016
6023,"California, Humboldt",0.4831053022664748,6,3,"-123.876,40.6992",0.3373327334004409,0.20588235294117604,0.5938769743413607,0.9042,0.5,0.7042409248759723,0.5453355114572181,0.34730538922155696,0.5517358041566147,0.2839450525270573,0.4245931422435978,0.4746209390717309
22071,"Louisiana, Orleans",0.5002579637993545,7,3,"-89.9266,30.0697",0.5522046525172256,0.0430234271401208,0.75830149593438,0.7771,0.425,0.347637055226008,0.6356051663422082,0.3592814371257485,0.472457162859293,0.4071876987509229,0.4666202045433549,0.4040219636937822
21067,"Kentucky, Fayette",0.5375541402523659,6,4,"-84.4558,38.0368",0.5665310214811963,0.5207547169811321,0.7416720852659398,0.7701,0.675,0.7280940659366697,0.4890206717988517,0.4670658682634731,0.4467440848690857,0.3122134190789658,0.258783226370475,0.30805683875511025
21111,"Kentucky, Jefferson",0.5639754168708527,6,7,"-85.6593,38.1866",0.5181132708139646,0.237020316027088,0.7758351442473156,0.7128,1.0,0.7280940659366697,0.4918357827184908,0.592814371257485,0.5191044408593759,0.4077749987745096,0.2355685059556597,0.3441441321753956
22051,"Louisiana, Jefferson",0.5261543294019132,7,4,"-90.1112,29.7408",0.6174245830281245,0.0858344207626504,0.7312670587673238,0.461,1.0,0.347637055226008,0.6209026220047699,0.29940119760479045,0.5380992168517501,0.4107175313185728,0.3807411206534055,0.40136929429131546
22033,"Louisiana, East Baton Rouge",0.5594923710830018,7,4,"-91.0978,30.5384",0.6685123595399869,0.326447680325093,0.7304355078322657,0.7593,1.0,0.347637055226008,0.5921223589333904,0.3592814371257485,0.4668944952995217,0.3851487911943337,0.33695619049775705,0.3627481268319678
22055,"Louisiana, Lafayette",0.5086886781316373,8,7,"-92.0696,30.2049",0.4636114955302623,0.147329650092081,0.7099820412629966,0.8376,1.0,0.347637055226008,0.5700979077974955,0.38323353293413176,0.4377631248108773,0.3214274886170955,0.32431336975703623,0.3877207847362583
22019,"Louisiana, Calcasieu",0.5237937296221341,8,7,"-93.354,30.2293",0.4773755955200509,0.148148148148148,0.6372907686568628,0.7829,1.0,0.347637055226008,0.6073303430007575,0.3892215568862276,0.4939129750014257,0.428450078435743,0.3974321927829611,0.39146717482497795
6029,"California, Kern",0.6058739738900212,7,7,"-118.7278,35.3433",0.51815406814014,0.34243697478991597,0.6338942687663895,0.9245,0.75,0.7042409248759723,0.6003401931008326,1.0,0.3752278782944123,0.3054406875437147,0.5709359423750825,0.484482241847105
6037,"California, Los Angeles",0.5876015927517754,7,7,"-118.2282,34.3083",0.6029115400243008,0.331919814957594,0.8218768639554189,0.9045,0.75,0.7042409248759723,0.5832783277130871,0.6706586826347305,0.4555137084840577,0.1327411059289485,0.42351281356061227,0.4509174494096303
35049,"New Mexico, Santa Fe",0.4056069876165659,8,3,"-105.9775,35.5071",0.3269793423644721,0.12280701754386,0.6210668703080676,0.6552,0.675,0.3114393562356921,0.4717499917548501,0.18562874251497005,0.6544622387094758,0.11380551478790908,0.25396878357206604,0.4978279652818626
6089,"California, Shasta",0.4250351755328649,2,10,"-122.0397,40.7639",0.0965458130147359,0.0606060606060606,0.5897231316520465,0.815,0.75,0.7042409248759723,0.4672811985320399,0.3233532934131737,0.6170727822364962,0.26185218920596576,0.3169258439698953,0.3916455348707028
6073,"California, San Diego",0.5192750947970415,6,7,"-116.7365,33.0348",0.5183844962291214,0.33889816360601,0.7513754529733966,0.8411,0.675,0.7042409248759723,0.5256070399365563,0.44311377245508987,0.4668944952995217,0.1040580784552202,0.2795065298515328,0.4692641374798374
36061,"New York, New York",0.5265124441081832,7,4,"-73.9715,40.7673",0.6813231749094703,0.10856968748194198,1.0,0.9736,0.425,0.2133728083960717,0.6066578984979419,0.4670658682634731,0.5310891329236117,0.06564011467201901,0.25975165569494857,0.5632705837791538
6071,"California, San Bernardino",0.5760817655189883,7,7,"-116.1775,34.8406",0.5194121067474734,0.361824222289339,0.657490639900822,0.8141,0.825,0.7042409248759723,0.6195771563418722,0.7125748502994013,0.3927283612037091,0.23638387777196815,0.5186455769098504,0.4816766073408095
6067,"California, Sacramento",0.5030023502590223,8,8,"-121.3425,38.4511",0.30830834606365337,0.0999174236168456,0.7717265654675405,0.7603,1.0,0.7042409248759723,0.6088939707658106,0.3652694610778443,0.469686207286858,0.22055603170337887,0.32589670352198713,0.4804598731416616
6019,"California, Fresno",0.5867334414359512,7,7,"-119.6467,36.7573",0.5001078334674498,0.42737430167597795,0.6536356965005031,0.8440000000000001,0.825,0.7042409248759723,0.600681622781037,0.7365269461077845,0.4191246507650109,0.27956900198773216,0.570877523441952,0.4731098339655676
25025,"Massachusetts, Suffolk",0.5104036352104948,7,2,"-71.0785,42.328",0.7240353041467997,0.17953091684435,0.8686862788121811,0.9774,0.425,0.2607607252364325,0.6085734817079178,0.2754491017964072,0.41269877075759065,0.1750654145518905,0.3124699850146402,0.3281759269298998
22017,"Louisiana, Caddo",0.5723427566455854,7,7,"-93.8838,32.5799",0.5940533211015736,0.14463705308775698,0.6666632770809995,0.8103,1.0,0.347637055226008,0.6559675525551599,0.4371257485029941,0.5357771420024626,0.5068824395442135,0.4793048219228309,0.3143491838746729
24510,"Maryland, Baltimore City",0.6108226248583475,7,2,"-76.6115,39.3021",0.6784685684284846,0.40044370493621706,0.8443283545876485,0.873,0.75,0.6733000684237483,0.6671817805706922,0.3892215568862276,0.4640817135884802,0.48773606721609003,0.43403316003186176,0.3120136717705498
25023,"Massachusetts, Plymouth",0.4666550364399288,5,4,"-70.808,41.9407",0.7146200500880091,0.24405348346235,0.647836044066769,0.3515,0.825,0.2607607252364325,0.4722537815668358,0.251497005988024,0.560557323866868,0.2624505819754968,0.056738274627525086,0.4720347024399236
23005,"Maine, Cumberland",0.5093524929736878,5,4,"-70.3723,43.8371",0.5839830303188795,0.368421052631579,0.6536398817963873,0.5925,0.825,1.0,0.3618011144647805,0.29940119760479045,0.5648909983668218,0.16038747477553322,0.06335659771987892,0.4035215906598304
22015,"Louisiana, Bossier",0.5105280976377928,8,7,"-93.6046,32.6793",0.4805376333101111,0.145833333333333,0.6283626015286095,0.6635,1.0,0.347637055226008,0.6034980205123129,0.4371257485029941,0.469686207286858,0.3489171658462393,0.3294880827183185,0.5582511778182504
35043,"New Mexico, Sandoval",0.4411960924799869,6,4,"-106.8688,35.6886",0.5283727683469818,0.18012422360248398,0.5637299735829987,0.1847,0.75,0.3114393562356921,0.6687689800543247,0.23952095808383236,0.5449798764246452,0.2328330019542508,0.36414171204573104,0.4876865298993289
34007,"New Jersey, Camden",0.5706037742648464,5,4,"-74.9639,39.8034",0.7088537115217289,0.30618458610846805,0.7705851214344583,0.6301,1.0,0.3726491416378683,0.5867329277979207,0.5149700598802395,0.5117241638959221,0.3421522112418931,0.27282545157534177,0.4111630579767575
6065,"California, Riverside",0.577030940048556,7,7,"-115.9934,33.7431",0.5334398221583413,0.273940904236383,0.6834517653680756,0.6632,1.0,0.7042409248759723,0.5862009947395281,0.7065868263473054,0.4806485213347297,0.2094257325703754,0.4526363982716186,0.5118511591706005
27137,"Minnesota, St. Louis",0.45350349706926296,6,3,"-92.4688,47.6048",0.3671197627288237,0.27,0.5540228937348517,0.8182,0.575,0.7116307434565924,0.4794398009754576,0.281437125748503,0.5858342498966352,0.2768004529031746,0.15790709896034774,0.3514438817363308
26049,"Michigan, Genesee",0.547288736694308,6,4,"-83.7059,43.0224",0.5822403013984655,0.18852844381758302,0.7029476102206466,0.4585,1.0,0.5207425085050276,0.5820109210638612,0.43113772455089816,0.5494974081927578,0.4379218561715024,0.389855317381632,0.4372617743751392
26125,"Michigan, Oakland",0.4521831161213137,5,4,"-83.386,42.6609",0.585593702469327,0.13524936601859697,0.7679109559882015,0.184,0.675,0.5207425085050276,0.4925655130320333,0.4850299401197605,0.5334405085950897,0.1856020428754874,0.07087023613173675,0.41103661417293735
27053,"Minnesota, Hennepin",0.5444710778983605,5,4,"-93.4769,45.0076",0.6720596042596665,0.608686350021395,0.7900959703830556,0.8220000000000001,0.675,0.7116307434565924,0.6074815038337296,0.32934131736526945,0.4668944952995217,0.13416010730662822,0.08326155433147482,0.4030611921867407
26099,"Michigan, Macomb",0.5111320742122342,6,6,"-82.9275,42.6916",0.5607645167397014,0.110867178924259,0.7709255723020669,0.313,1.0,0.5207425085050276,0.4838978411173149,0.4790419161676647,0.540406913436432,0.3520409473815882,0.20381823737913154,0.5358642201046369
26065,"Michigan, Ingham",0.5293757504445518,6,7,"-84.3747,42.5972",0.5177281588772894,0.24018126888217498,0.7192010408089314,0.8574,0.825,0.5207425085050276,0.5412200628500885,0.4550898203592814,0.4496902805094778,0.3159624649696819,0.3156850740107657,0.4055891938186649
26081,"Michigan, Kent",0.5513371989317059,6,4,"-85.5493,43.032",0.6455342829870944,0.39903348291335905,0.7348699018351841,0.6501,1.0,0.5207425085050276,0.541240828653296,0.5089820359281437,0.4555137084840577,0.2506750231936813,0.1947354784685278,0.4430061053079792
26077,"Michigan, Kalamazoo",0.549534041458065,6,4,"-85.5304,42.2454",0.5890586600307852,0.386648122392211,0.7012985353407363,0.6947,1.0,0.5207425085050276,0.5213488115440372,0.5209580838323353,0.491297583161881,0.3198248087469895,0.2204748604058514,0.425119230831772
26045,"Michigan, Eaton",0.4960350860221406,6,6,"-84.8374,42.596",0.4797357749800925,0.21875,0.6305710563513246,0.4126,1.0,0.5207425085050276,0.4735565802626526,0.4730538922155689,0.5670390838965326,0.3422459498351493,0.13453001004685194,0.6747701134268381
29095,"Missouri, Jackson",0.5262642896761053,8,8,"-94.3472,39.01",0.36976638986320537,0.228235294117647,0.7322668522392218,0.5479,1.0,0.8583495859534214,0.6021972223749921,0.44311377245508987,0.4939129750014257,0.3847345863344295,0.29677613009619364,0.3610377495594067
27109,"Minnesota, Olmsted",0.4929752438494727,6,4,"-92.4021,44.0037",0.5779272610110909,0.35491606714628293,0.6641185145433056,0.5871,1.0,0.7116307434565924,0.4413099712260101,0.3053892215568862,0.5016507991249867,0.17093453635868622,0.036287311781123405,0.2429865279399014
29510,"Missouri, St. Louis City",0.6044431574189066,7,2,"-90.2435,38.6356",0.6271851061593197,0.28214731585518105,0.8242153034590445,0.7985,0.675,0.8583495859534214,0.602618024529475,0.5089820359281437,0.4467440848690857,0.5132880228892721,0.4852222382690264,0.26716749702594483
29021,"Missouri, Buchanan",0.6426858486338319,5,2,"-94.8014,39.6582",0.7359643756117196,0.719123505976096,0.6425091932495344,0.8571,1.0,0.8583495859534214,0.4883404907790492,0.43113772455089816,0.5239446622367122,0.4557853563010153,0.3797057203457967,0.3944553649782495
28047,"Mississippi, Harrison",0.5467519429398473,8,7,"-89.1247,30.5136",0.39756237763835495,0.17289719626168198,0.6575437610044575,0.8637,1.0,0.5916398040580984,0.5892054384249623,0.407185628742515,0.4860110859057147,0.4296277385385085,0.5686079780026819,0.3210466196888457
28049,"Mississippi, Hinds",0.591967378701676,7,7,"-90.4444,32.2656",0.5891292813039223,0.334228187919463,0.6708971046359709,0.872,1.0,0.5916398040580984,0.5489572562650358,0.4610778443113772,0.4612475416970637,0.4654195599995224,0.5497575734726491,0.2773165042233885
29047,"Missouri, Clay",0.465645474331365,8,6,"-94.4185,39.3113",0.3842280690832339,0.351351351351351,0.6951957083760775,0.1442,1.0,0.8583495859534214,0.4914252159496009,0.4191616766467066,0.472457162859293,0.3017021901947876,0.09558951509033316,0.41248305137616187
29019,"Missouri, Boone",0.4147982026433149,2,10,"-92.3072,38.9919",0.0,0.0,0.654663808752265,0.7144,1.0,0.8583495859534214,0.4886913547968253,0.4251497005988024,0.4094437997825015,0.2469367477976073,0.21609271771260846,0.3424996352948106
27123,"Minnesota, Ramsey",0.5723591919903079,5,4,"-93.0987,45.0163",0.6349173157801031,0.6853146853146851,0.7942994905629285,0.9440000000000001,0.75,0.7116307434565924,0.5844995451403484,0.3592814371257485,0.4779380235136903,0.20258024318546766,0.1946408036614337,0.4113379622500805
29183,"Missouri, St. Charles",0.4592730438010714,8,6,"-90.6666,38.7788",0.4306320343074021,0.140988372093023,0.6914338627465207,0.1213,1.0,0.8583495859534214,0.3730169836387583,0.5209580838323353,0.491297583161881,0.2543816330122545,0.03671093938487634,0.4927802079366552
29165,"Missouri, Platte",0.4748104662922707,8,6,"-94.7707,39.3815",0.4166815433374722,0.407407407407407,0.6607404399457016,0.1254,1.0,0.8583495859534214,0.4844716735370749,0.43113772455089816,0.4833394486037307,0.3065539649628673,0.05369157670050589,0.572077704703599
29037,"Missouri, Cass",0.4421986410455403,8,6,"-94.3534,38.6479",0.3178461227156636,0.125,0.5704751528321377,0.0684,1.0,0.8583495859534214,0.45515952056514,0.4131736526946108,0.5380992168517501,0.35094489633229475,0.1340319434726358,0.5634674751562087
28089,"Mississippi, Madison",0.5344434780175721,5,4,"-90.0351,32.6339",0.6796750576999556,0.5049309664694279,0.6068587605507838,0.2693,1.0,0.5916398040580984,0.6004947981948573,0.4610778443113772,0.4437744133187831,0.3009378647178681,0.1443782376585788,0.6208572498494012
6085,"California, Santa Clara",0.4308783668642217,6,3,"-121.697,37.231",0.34423387314658443,0.0886658301965705,0.7935132226063075,0.731,0.575,0.7042409248759723,0.4520186181875003,0.3532934131736527,0.452613368495235,0.06089483342571755,0.12777882905090435,0.4614175560454712
6055,"California, Napa",0.4585556733951578,6,3,"-122.3328,38.5074",0.3424130379808769,0.180722891566265,0.6628386887215519,0.8249,0.575,0.7042409248759723,0.4434757369707861,0.4550898203592814,0.579673914473061,0.1345915540229442,0.1822562307405726,0.4469700130799563
31055,"Nebraska, Douglas",0.5757756699237013,5,4,"-96.1509,41.2952",0.677697410069761,0.644529383659818,0.740057681035992,0.6606,1.0,0.6802815918632363,0.5987821469365853,0.3892215568862276,0.4377631248108773,0.27053435560711386,0.2070111633160899,0.3928720731716622
30063,"Montana, Missoula",0.3690425302240095,2,10,"-113.9214,47.0373",0.0,0.0,0.5961666426219964,0.6714,0.75,0.8145651980819656,0.365411475658392,0.33532934131736525,0.5016507991249867,0.19580627789773555,0.17586471765045555,0.4136743508944429
31109,"Nebraska, Lancaster",0.5391294551756582,6,4,"-96.6878,40.7842",0.6223826229123545,0.6180081855388809,0.6428036974469801,0.6925,1.0,0.6802815918632363,0.4819818691395992,0.3652694610778443,0.4583916518016399,0.2015500437677037,0.13885554057809207,0.4250473679406104
29077,"Missouri, Greene",0.4972982898057773,8,8,"-93.3423,37.2576",0.2070767742717812,0.0857142857142857,0.6899375675991466,0.8087,1.0,0.8583495859534214,0.4418108971008954,0.4251497005988024,0.5310891329236117,0.37893246460865054,0.31785609019786915,0.4077082101064479
30111,"Montana, Yellowstone",0.40743269689894585,8,8,"-108.2691,45.9396",0.1531357239996332,0.036144578313253004,0.6114547108033804,0.7453,0.75,0.8145651980819656,0.4630928487395897,0.19760479041916168,0.5380992168517501,0.25599466779252666,0.113986179164484,0.4037990004565109
6081,"California, San Mateo",0.4598808862373859,6,4,"-122.3276,37.4229",0.5068412721037237,0.24,0.7937517587507763,0.6043,0.575,0.7042409248759723,0.41886299197832005,0.3712574850299401,0.5215324091055006,0.07447497200600975,0.08822595913348702,0.41952279365601625
6053,"California, Monterey",0.4831100158546259,6,3,"-121.2413,36.2186",0.4287248313247571,0.32807570977918,0.6283536785223928,0.8399,0.575,0.7042409248759723,0.5323668228450147,0.22155688622754494,0.452613368495235,0.19277754947095474,0.41082819618113625,0.4907756767261819
6111,"California, Ventura",0.4900220082768061,6,6,"-119.0911,34.4447",0.43734128012896656,0.28795811518324604,0.7134192334013707,0.5508,0.825,0.7042409248759723,0.4664623555744505,0.4910179640718562,0.5016507991249867,0.12664407399710187,0.26161648440160284,0.4941820201973943
42003,"Pennsylvania, Allegheny",0.4968695595157001,6,6,"-79.9817,40.4681",0.4178031799783404,0.166245259165613,0.7333550996256472,0.6074,0.75,0.7909959537175825,0.4240292716733985,0.6167664670658684,0.5817386943120182,0.2950403053034341,0.11250257916578486,0.3428210871077218
42049,"Pennsylvania, Erie",0.5319470127645551,8,8,"-80.033,41.9925",0.3815097324156057,0.32558139534883695,0.6600727252077683,0.7848,1.0,0.7909959537175825,0.4188970911126116,0.4730538922155689,0.5539608364828539,0.3762833767071982,0.2744868378530114,0.4004438350938247
42101,"Pennsylvania, Philadelphia",0.611866278243092,7,2,"-75.1379,40.0034",0.6897087323435952,0.217685668510001,0.8421449071556667,0.8949,0.575,0.7909959537175825,0.689941601455808,0.4910179640718562,0.4640817135884802,0.3704321335660465,0.5084751417803416,0.3764487951777609
42095,"Pennsylvania, Northampton",0.5409687975901295,5,4,"-75.3047,40.7518",0.6367601948592281,0.191153846153846,0.6816630556553642,0.447,1.0,0.7909959537175825,0.4340847491943977,0.4191616766467066,0.5837920978957992,0.3032187919410356,0.14297883319443278,0.5434748028126127
6083,"California, Santa Barbara",0.5532035318937747,5,2,"-120.0188,34.6533",0.6574038442334962,0.6351838500360489,0.6536356740206513,0.9156,0.5,0.7042409248759723,0.4808589692674126,0.43113772455089816,0.5016507991249867,0.1623158291725812,0.3697590839333118,0.4694872162492051
39049,"Ohio, Franklin",0.5877082990666259,7,7,"-83.0112,39.97",0.6145939688005372,0.402078521939954,0.7555839827215264,0.6699,1.0,0.9009705169400672,0.5383383672652016,0.5449101796407185,0.4094437997825015,0.34334086693097265,0.244677041467686,0.40332960122565975
39113,"Ohio, Montgomery",0.5784595472190631,6,7,"-84.2905,39.7539",0.4756293690163706,0.40081799591002004,0.7109149140028819,0.6422,1.0,0.9009705169400672,0.5202797593079316,0.5389221556886228,0.5648909983668218,0.4479479170134728,0.3376596267234939,0.35495206339811963
40109,"Oklahoma, Oklahoma",0.5446577438245832,8,7,"-97.4072,35.5514",0.4445443899367464,0.21159420289855105,0.7009292610602543,0.6765,1.0,0.6765075856556738,0.7471881977382515,0.4191616766467066,0.4583916518016399,0.35028730876022873,0.3788331703425024,0.3665297390217833
39099,"Ohio, Mahoning",0.5760516218184148,6,4,"-80.7729,41.0163",0.6237340642435016,0.280168776371308,0.6418249846940678,0.4422,1.0,0.9009705169400672,0.4841915032387546,0.502994011976048,0.6189409155096902,0.39787709262914656,0.3371062729527687,0.3502408519904658
40143,"Oklahoma, Tulsa",0.5326836476922782,8,7,"-95.9401,36.1194",0.4375863972490159,0.22340425531914898,0.6983667110842445,0.5963,1.0,0.6765075856556738,0.7545238528684098,0.377245508982036,0.4752076683887773,0.3404017725745727,0.34842208052586193,0.37180459058357596
39095,"Ohio, Lucas",0.6010880014356109,6,7,"-83.6547,41.621",0.6241657508756204,0.32483081728266494,0.724117564688498,0.5957,1.0,0.9009705169400672,0.5505738097407813,0.532934131736527,0.5215324091055006,0.4465411993117315,0.3617069072739762,0.3133873866353443
6097,"California, Sonoma",0.4633784048743588,6,3,"-122.8863,38.5275",0.4168848581341422,0.30484330484330496,0.6881390381527309,0.6472,0.575,0.7042409248759723,0.4722852685860954,0.4251497005988024,0.5837920978957992,0.11461317797675925,0.18591096737778368,0.4025301754170643
6077,"California, San Joaquin",0.5422506069888041,6,7,"-121.273,37.9343",0.3674022667953461,0.15477996965098598,0.7160085037822028,0.8083,1.0,0.7042409248759723,0.6025125426524821,0.532934131736527,0.43472072581226856,0.2692928850490229,0.4609130963564292,0.5066282505625755
6099,"California, Stanislaus",0.5395560484311029,8,7,"-120.9971,37.5586",0.4481055995464348,0.292364990689013,0.6775719785601612,0.6043,1.0,0.7042409248759723,0.5104021126820444,0.5568862275449102,0.4467440848690857,0.2749661742848966,0.4737735727923394,0.458238071137565
6095,"California, Solano",0.5412394411738107,8,7,"-121.9357,38.2683",0.459743500605241,0.348039215686274,0.7170739500044421,0.6905,1.0,0.7042409248759723,0.6229925540650683,0.4790419161676647,0.504194780386106,0.23623675997963475,0.23069203068186456,0.514283478311285
8059,"Colorado, Jefferson",0.4775771435206087,8,6,"-105.2518,39.5864",0.5440825513817131,0.22647887323943697,0.7123243478812845,0.1987,1.0,0.8932640553758339,0.3838624401438192,0.3233532934131737,0.526341402378779,0.12114835831569452,0.05072425625169912,0.5731006503466478
8005,"Colorado, Arapahoe",0.525708540681784,6,4,"-104.3354,39.6498",0.633043072576204,0.286352218811052,0.7224536239899895,0.3613,1.0,0.8932640553758339,0.5880664752668283,0.3053892215568862,0.4377631248108773,0.1526521317415208,0.1205602965899122,0.5282480766888301
8031,"Colorado, Denver",0.5580369094492977,5,4,"-104.8726,39.7602",0.6532149574476402,0.30548068283917307,0.8265312278269804,0.8717,0.675,0.8932640553758339,0.6153789184523565,0.311377245508982,0.4094437997825015,0.12484111133514525,0.23881491231799945,0.44666472495546705
8123,"Colorado, Weld",0.5093358337961625,6,4,"-104.393,40.555",0.6245886216429409,0.202654867256637,0.5930528385559994,0.5279,0.825,0.8932640553758339,0.41282746630487105,0.33532934131736525,0.4159255598121659,0.2143370520883555,0.21055279608070385,0.5514196503621324
37119,"North Carolina, Mecklenburg",0.5462862814857367,7,6,"-80.8318,35.2447",0.540615481311255,0.3077568134171911,0.7557166735865674,0.4616,1.0,0.8525386467296119,0.6551229077896426,0.4970059880239522,0.3823269845107231,0.22385748335345715,0.26718218263493,0.4556210839121826
36067,"New York, Onondaga",0.5253606138081576,7,4,"-76.1997,43.0049",0.6084947690431852,0.402777777777778,0.7454993143230675,0.7708,1.0,0.2133728083960717,0.5719518654983008,0.311377245508982,0.540406913436432,0.2864854058570988,0.20389942162847172,0.4011777729133856
37021,"North Carolina, Buncombe",0.5464153988613042,6,7,"-82.5331,35.6111",0.44054932195695,0.5,0.68131525866916,0.8838,1.0,0.8525386467296119,0.4614515370258238,0.3592814371257485,0.5998243249034969,0.2303762765318985,0.2034511014859729,0.4135611968044304
37183,"North Carolina, Wake",0.503571682026954,6,6,"-78.6525,35.7888",0.4474410631799004,0.266094420600858,0.7175947564113494,0.4384,1.0,0.8525386467296119,0.6138105585824305,0.4790419161676647,0.3927283612037091,0.16786116538947066,0.12883326068105874,0.5043749838429015
36093,"New York, Schenectady",0.4876285160537282,5,4,"-74.0528,42.8167",0.5235016963096517,0.14759535655057998,0.7363544411376635,0.6135,1.0,0.2133728083960717,0.5456934326447203,0.3592814371257485,0.5472454870957077,0.2636527920452784,0.20455792947883208,0.4582924073963211
37037,"North Carolina, Chatham",0.5443130476705237,5,4,"-79.2554,35.7039",0.6630303049094973,0.307070707070707,0.5539617054136616,0.28300000000000003,0.75,0.8525386467296119,0.6045801422241948,0.4371257485029941,0.6774549264631455,0.22680030573837365,0.2587745538690619,0.6971319022628094
8069,"Colorado, Larimer",0.4496620245592524,6,6,"-105.4626,40.6667",0.4424533576491461,0.201271186440678,0.6071164424516027,0.355,1.0,0.8932640553758339,0.35464896292323017,0.21556886227544908,0.504194780386106,0.10992254284152933,0.12226287724929455,0.5040555922888081
8101,"Colorado, Pueblo",0.5259171365037231,6,7,"-104.5127,38.1736",0.4507043624816776,0.251282051282051,0.5964293592964294,0.7937,0.825,0.8932640553758339,0.518863141930047,0.17964071856287425,0.5755097168756041,0.3244583808445705,0.4270766093843933,0.37524058436313257
42077,"Pennsylvania, Lehigh",0.5625821271304724,5,4,"-75.5944,40.6155",0.626511607891481,0.160777385159011,0.7216218181982649,0.7221,0.825,0.7909959537175825,0.5125463853740819,0.4910179640718562,0.540406913436432,0.33470673285068553,0.2610391608005827,0.3723478967464256
9001,"Connecticut, Fairfield",0.5186975177983612,5,4,"-73.3881,41.2681",0.6847426234324772,0.17110429009922198,0.7661513560762099,0.7061,0.75,0.4556223776842445,0.5175102615222225,0.4191616766467066,0.5166605513962695,0.10609114976597127,0.21499516447820505,0.4680354625577661
9003,"Connecticut, Hartford",0.5398112202094631,5,4,"-72.731,41.8028",0.6812402880089762,0.27012060054147197,0.74031092995747,0.737,1.0,0.4556223776842445,0.5433095776394669,0.2754491017964072,0.5472454870957077,0.19950328061188088,0.18525125501333814,0.4515744450531967
40027,"Oklahoma, Cleveland",0.4935318788751837,8,8,"-97.3252,35.2041",0.35163806224174865,0.0718954248366013,0.6383692298080055,0.645,1.0,0.6765075856556738,0.6637073382349441,0.4251497005988024,0.4467440848690857,0.3209374842815886,0.20032514653214975,0.4747300958737516
40145,"Oklahoma, Wagoner",0.4900984637393561,8,6,"-95.5191,35.9602",0.3869136004963257,0.0977443609022556,0.5531606859505537,0.249,1.0,0.6765075856556738,0.6948818649053259,0.4491017964071857,0.526341402378779,0.4102110347295347,0.28220512320793895,0.5373302436300339
10003,"Delaware, New Castle",0.522053146901736,5,4,"-75.6405,39.5799",0.6212079428512619,0.301641848033601,0.7360752597736422,0.5562,0.825,0.5211191664007006,0.5833993753050268,0.4191616766467066,0.504194780386106,0.2874172158909742,0.17457046726594455,0.4293712269152877
11001,"District Of Columbia, District of Columbia",0.5441589668871484,7,2,"-77.0166,38.9042",0.7080762106923999,0.322078300101877,0.841611284587443,0.9739,0.5,0.4029431481435608,0.665408730916593,0.4011976047904192,0.4254416122920297,0.2409023772661593,0.2392337218654117,0.3602378588916007
12099,"Florida, Palm Beach",0.5299348999868415,6,4,"-80.4654,26.6468",0.5734307453158498,0.307447050785698,0.7256501659293754,0.6485,0.75,0.7086085981321527,0.578723295623587,0.17365269461077848,0.6758588134982833,0.2247532756514113,0.3284279898719637,0.4454220556709886
37129,"North Carolina, New Hanover",0.5261026628659772,6,7,"-77.8708,34.2576",0.4130891898656378,0.37795275590551203,0.7217696083090198,0.6205,1.0,0.8525386467296119,0.5429268343161641,0.3233532934131737,0.5517358041566147,0.24563151883447426,0.2876331454813316,0.4169901639349479
37063,"North Carolina, Durham",0.5796450480055614,7,7,"-78.8761,36.0364",0.5477478633005882,0.234504132231405,0.7353040039380723,0.9019,1.0,0.8525386467296119,0.6825577687094434,0.4550898203592814,0.4316532862111269,0.19443912175955028,0.3194965179304569,0.37192442012960014
37081,"North Carolina, Guilford",0.5898642972170537,7,7,"-79.7882,36.0796",0.5387584352283183,0.45893089960886607,0.7078254898476632,0.7619,1.0,0.8525386467296119,0.6604199059409739,0.4491017964071857,0.4990893333193936,0.3178978813567733,0.3342833737427733,0.4277714999871325
37133,"North Carolina, Onslow",0.5250513234671124,8,8,"-77.4291,34.7261",0.34103535552556963,0.313432835820896,0.6237144376815911,0.8017,1.0,0.8525386467296119,0.6022919371518151,0.3892215568862276,0.3087088081983978,0.3130298166600725,0.38744255521763576,0.5503779561783638
37067,"North Carolina, Forsyth",0.6055335348959899,7,7,"-80.2546,36.1286",0.5814813553763732,0.6022727272727271,0.7149390532219156,0.7835,1.0,0.8525386467296119,0.6453190186905242,0.38323353293413176,0.5166605513962695,0.35911436659198104,0.3762692416608177,0.3655100457946503
37051,"North Carolina, Cumberland",0.5977000215718052,6,7,"-78.8262,35.0476",0.4998261695121988,0.34851936218678803,0.6740987200810862,0.8567,1.0,0.8525386467296119,0.7512898271753541,0.4550898203592814,0.4028473123984872,0.3869382851246069,0.4491230715880061,0.43759896263447895
37071,"North Carolina, Gaston",0.5490856388915687,8,7,"-81.1748,35.2937",0.42414063398424745,0.253731343283582,0.6760791703879456,0.5661,1.0,0.8525386467296119,0.5705400732739403,0.4730538922155689,0.526341402378779,0.3292294147575384,0.4413856344591244,0.4821699906793805
37025,"North Carolina, Cabarrus",0.5135751104014342,6,6,"-80.5527,35.3878",0.4527609930776908,0.169811320754717,0.6577384088281598,0.3633,1.0,0.8525386467296119,0.5940286625045391,0.4790419161676647,0.452613368495235,0.3384128705760963,0.2304349873760901,0.4695437525378922
37147,"North Carolina, Pitt",0.5870525805171067,6,7,"-77.3735,35.5954",0.4846533993319161,0.36734693877551006,0.6317855958321373,0.9647,1.0,0.8525386467296119,0.62688003493712,0.407185628742515,0.4407808887294848,0.3491812434594535,0.4873779571272484,0.3648405863774408
37057,"North Carolina, Davidson",0.5779594457217957,6,7,"-80.2126,35.7912",0.5327874913898899,0.385185185185185,0.6223236198053116,0.5024,1.0,0.8525386467296119,0.5422473288306814,0.4670658682634731,0.5691748594129424,0.409587897079948,0.4755277066545669,0.5181316473571881
12103,"Florida, Pinellas",0.5312529200038784,6,7,"-82.7224,27.9313",0.4359849454964209,0.24974924774323,0.7667605076073993,0.8112,1.0,0.7086085981321527,0.4857757499923872,0.2275449101796407,0.6853345393682004,0.2819170215052436,0.26120080659081196,0.3949647581199549
12011,"Florida, Broward",0.5099154850574614,6,7,"-80.4873,26.1518",0.5102379772938488,0.161258764063264,0.7677655678352822,0.6638,0.75,0.7086085981321527,0.5836272189968845,0.21556886227544908,0.5334405085950897,0.22074728875135585,0.3673881184080709,0.4135461499154591
12127,"Florida, Volusia",0.5082847517283211,8,8,"-81.1826,29.0586",0.38830276938364794,0.152542372881356,0.6787335307593151,0.5205,1.0,0.7086085981321527,0.5037398569027408,0.2754491017964072,0.6837718879901644,0.3759565589309137,0.3575866259428485,0.40437025249934494
12001,"Florida, Alachua",0.5195768037623791,6,7,"-82.3593,29.6787",0.4154182327017261,0.172727272727273,0.6746504647290232,0.8937,1.0,0.7086085981321527,0.539464482710463,0.3173652694610779,0.4640817135884802,0.2569048170651095,0.34850699876886604,0.3330369689132293
12086,"Florida, Miami-Dade",0.5450216508564449,6,7,"-80.5517,25.6112",0.5782035805649645,0.17467190726800305,0.7762012847432045,0.8988,0.675,0.7086085981321527,0.4923771339131116,0.251497005988024,0.526341402378779,0.19241412750554812,0.5525286785769823,0.4123149988426979
12031,"Florida, Duval",0.5428726807623192,6,7,"-81.6698,30.3323",0.4287916677737663,0.18130990415335502,0.7367471346957233,0.8281,1.0,0.7086085981321527,0.5976231356773541,0.32934131736526945,0.469686207286858,0.3962487037889176,0.36102924764966177,0.391780086843922
39153,"Ohio, Summit",0.5481424556328465,6,6,"-81.5312,41.1246",0.5364807110977071,0.353892821031345,0.7211997123052075,0.4037,1.0,0.9009705169400672,0.4651403531497479,0.5449101796407185,0.558371441896005,0.3486713941449849,0.19258469811805515,0.39616842191170665
39035,"Ohio, Cuyahoga",0.5943904806762628,7,7,"-81.6592,41.4241",0.5533754299933357,0.29752851711026596,0.7615099797336993,0.6332,1.0,0.9009705169400672,0.5480259668603443,0.6107784431137724,0.5648909983668218,0.3751708068736104,0.33301742943926377,0.3402280671744634
38017,"North Dakota, Cass",0.4684162907147004,5,4,"-97.2445,46.932",0.691350769288044,0.47480620155038794,0.6331796650038214,0.5323,0.825,0.21483010661559174,0.5603618100811191,0.2275449101796407,0.4061601502796258,0.25367027731275965,0.06634114272010358,0.3400710954915804
39041,"Ohio, Delaware",0.4612701731196263,8,6,"-83.0046,40.2794",0.479278354187205,0.323651452282158,0.6361040772227385,0.0417,1.0,0.9009705169400672,0.32542383024652216,0.532934131736527,0.4496902805094778,0.20287499789522564,0.015412119073926213,0.6014911975235067
39061,"Ohio, Hamilton",0.5882025858776412,7,7,"-84.545,39.1967",0.5614085436853611,0.33860275369709303,0.7562420265797543,0.6988,1.0,0.9009705169400672,0.5299847867430483,0.6047904191616766,0.504194780386106,0.3587374398715199,0.24098604895651135,0.37000713753976
39045,"Ohio, Fairfield",0.5059416227257828,6,6,"-82.6309,39.7511",0.4891733761872666,0.320197044334975,0.6129511937302853,0.3021,1.0,0.9009705169400672,0.4234529342211361,0.5149700598802395,0.5142005305328247,0.31162256957704704,0.1090249060990932,0.5038912209118738
39151,"Ohio, Stark",0.5453078676700303,6,6,"-81.3644,40.8148",0.5083044937987197,0.337591240875912,0.6733643717559918,0.3846,1.0,0.9009705169400672,0.4355865646034239,0.5508982035928144,0.5918944128138512,0.4037195702923411,0.2404744918245413,0.3905667182351851
12009,"Florida, Brevard",0.4776878110060839,8,8,"-80.7309,28.2941",0.3470093749428524,0.188202247191011,0.6900630433054793,0.3489,1.0,0.7086085981321527,0.4977368287133195,0.2574850299401197,0.6726459331898672,0.3517892069502748,0.2668876789411068,0.4307135149021836
12095,"Florida, Orange",0.4714300756808886,6,3,"-81.318,28.5137",0.3756969555561661,0.12507739938080498,0.7518000161565772,0.787,0.575,0.7086085981321527,0.5835326766156953,0.23353293413173656,0.4094437997825015,0.23372938774260196,0.4027752968133496,0.4113442961113473
12035,"Florida, Flagler",0.4704658139660954,8,6,"-81.3151,29.4593",0.3916556524357167,0.124183006535948,0.62605501267524,0.1019,1.0,0.7086085981321527,0.4841388183714804,0.2694610778443114,0.7637905642871493,0.30417912245819884,0.29146554794610474,0.5799865970085776
12073,"Florida, Leon",0.5262884669599617,6,7,"-84.2749,30.4596",0.3925445885035035,0.18115942028985502,0.6706749446265318,0.8497,1.0,0.7086085981321527,0.5762230087611641,0.4491017964071857,0.4407808887294848,0.28464498988502884,0.3320729699450849,0.3897149182184037
40031,"Oklahoma, Comanche",0.6026187262974183,7,7,"-98.472,34.6597",0.5869901807011877,0.6048780487804879,0.6010166046032063,0.9163,1.0,0.6765075856556738,0.7961562554643344,0.3532934131736527,0.4254416122920297,0.3681596912334738,0.4301711265205936,0.3915466272631039
40017,"Oklahoma, Canadian",0.4614120252775655,8,6,"-97.9847,35.5426",0.35831736688031923,0.155172413793103,0.5712192013848023,0.3053,1.0,0.6765075856556738,0.6153982339328999,0.4011976047904192,0.4467440848690857,0.31945992041212723,0.1661836765937498,0.5845207684669219
40125,"Oklahoma, Pottawatomie",0.5392202709263579,8,8,"-96.9492,35.2061",0.33042368337045497,0.12727272727272698,0.5481538368767928,0.7826,1.0,0.6765075856556738,0.7003507662172933,0.3892215568862276,0.5310891329236117,0.4705289341592349,0.4869278302136218,0.5303563431690318
48029,"Texas, Bexar",0.5637860485747244,6,7,"-98.5202,29.4493",0.4545690780235946,0.304655870445344,0.753888057590082,0.7809999999999999,1.0,0.8707511988926114,0.5605154348353699,0.44311377245508987,0.4159255598121659,0.25357873852623125,0.4694374425371499,0.420729544507392
13059,"Georgia, Clarke",0.5652518363687945,6,7,"-83.3712,33.9544",0.4637224592953842,0.21319796954314701,0.7197716913352145,0.9551,1.0,0.6907703955404041,0.5799544355671894,0.4790419161676647,0.371626963251256,0.26325590377700264,0.5540123990270899,0.3724182338681534
13121,"Georgia, Fulton",0.5506287309972306,6,7,"-84.4632,33.7922",0.5571681199935935,0.22171212530380802,0.8175126883834428,0.8259,0.825,0.6907703955404041,0.5896523220362535,0.5389221556886228,0.3995047625702957,0.2218889455673828,0.27183485919170114,0.3961932917027857
13215,"Georgia, Muscogee",0.6012656692014285,7,7,"-84.8714,32.5093",0.5203066022252327,0.254716981132075,0.7319244797402832,0.8596,1.0,0.6907703955404041,0.6514846149130232,0.532934131736527,0.4467440848690857,0.480820648047788,0.5249521717569632,0.3369306845693243
13021,"Georgia, Bibb",0.5963916461427535,7,7,"-83.7049,32.809",0.5121789893616945,0.202046035805627,0.7158685861352855,0.865,1.0,0.6907703955404041,0.6119945855099477,0.4970059880239522,0.5067215141840639,0.4611791734829718,0.5632833030377966,0.3232030791258961
15003,"Hawaii, Honolulu",0.4006140692924147,8,8,"-157.9712,21.458",0.12377394583696605,0.0338164251207729,0.7909781512507735,0.965,0.825,0.7242239594597191,0.3376015940296289,0.0,0.5561726637917245,0.17354321182907956,0.07123363803123135,0.4751591412204511
41051,"Oregon, Multnomah",0.5191689544594106,6,7,"-122.4169,45.5475",0.4504925370846773,0.247648902821317,0.7841934091665446,0.9271,0.675,0.8772783437607837,0.551834012384599,0.3233532934131737,0.4467440848690857,0.2088731806478489,0.21544649590591686,0.459466632944656
41047,"Oregon, Marion",0.588463310397246,7,7,"-122.5815,44.9029",0.5640563144983288,0.36260978670012495,0.6824445335756602,0.9274,1.0,0.8772783437607837,0.4534992418007102,0.3652694610778443,0.5117241638959221,0.2998904941969441,0.3865553101425024,0.5205683038386458
41039,"Oregon, Lane",0.4726380871588936,8,8,"-122.8478,43.9373",0.2003647554820938,0.18032786885245897,0.6223083683795595,0.8956,0.675,0.8772783437607837,0.4021702369511971,0.4131736526946108,0.5858342498966352,0.24133304316249804,0.34256007182758386,0.5232845993636754
41029,"Oregon, Jackson",0.4270981799176892,2,10,"-122.7289,42.432",0.0,0.02,0.6037055330918938,0.8472,0.825,0.8772783437607837,0.37527504311288745,0.33532934131736525,0.6371246099900815,0.2736090927169996,0.3279423297928247,0.4525259103765576
41067,"Oregon, Washington",0.4871206695441189,6,6,"-123.0955,45.5597",0.4099628462835409,0.193548387096774,0.7226691285661982,0.5657,1.0,0.8772783437607837,0.43759365550509655,0.34730538922155696,0.4467440848690857,0.1777866178782538,0.13299160465727775,0.5185164711719918
41053,"Oregon, Polk",0.5437191372307771,6,7,"-123.4129,44.9032",0.5260643986420975,0.543478260869565,0.6084227801094548,0.5677,0.825,0.8772783437607837,0.441277109084436,0.32934131736526945,0.5627304600978258,0.3026767552367847,0.3056443650482293,0.7790359152838109
41017,"Oregon, Deschutes",0.41066086467397617,8,5,"-121.2289,43.9157",0.3275043435616131,0.19148936170212802,0.5839215846323134,0.2152,0.75,0.8772783437607837,0.2928511657562564,0.3173652694610779,0.6017807168377609,0.16842320699411573,0.15874447715235526,0.5063810081498825
41005,"Oregon, Clackamas",0.4505433530238864,8,5,"-122.218,45.1879",0.3647069504822392,0.1985559566787,0.6568017849270914,0.4148,0.825,0.8772783437607837,0.3608423869460052,0.3712574850299401,0.558371441896005,0.20916556672917785,0.08221013398653329,0.5300388299561896
16001,"Idaho, Ada",0.4528121709958541,8,6,"-116.2416,43.4527",0.3893499321008256,0.10276679841897199,0.6851629769792921,0.2429,1.0,0.9218793124460046,0.353702701104796,0.4550898203592814,0.472457162859293,0.16902216737168102,0.11737592270295852,0.4356076883266379
16027,"Idaho, Canyon",0.4975492837171458,8,8,"-116.7095,43.6197",0.3277445439290855,0.0760869565217391,0.6603813547040931,0.4082,1.0,0.9218793124460046,0.3539740366698948,0.4610778443113772,0.4640817135884802,0.2945950374418284,0.5339955430569822,0.5275527323241559
47037,"Tennessee, Davidson",0.5488087998467627,7,4,"-86.7865,36.1701",0.6380667906485136,0.30118577075098807,0.7607281354625226,0.8125,0.825,0.441208419310864,0.5966324981181651,0.4550898203592814,0.4191246507650109,0.3274990494514937,0.3064417533726093,0.3402516184956182
48061,"Texas, Cameron",0.5701106393615439,6,7,"-97.4814,26.1452",0.4848802320167104,0.292096219931271,0.6840217923348523,0.8596,1.0,0.8707511988926114,0.2266429773650993,0.377245508982036,0.452613368495235,0.2605656019864181,0.8181251184187909,0.4371374710736893
48141,"Texas, El Paso",0.5996538483751671,7,7,"-106.2363,31.7698",0.5613177038351176,0.42501555693839504,0.726099686531283,0.8590000000000001,1.0,0.8707511988926114,0.4632047554558343,0.3892215568862276,0.4159255598121659,0.23883612012246286,0.6837329047832821,0.4661985682974573
48113,"Texas, Dallas",0.6056765634803497,7,7,"-96.778,32.7667",0.608662698961317,0.47157475838544605,0.7952325574979736,0.7081,1.0,0.8707511988926114,0.6547054270628857,0.4191616766467066,0.3679909167750092,0.25810289533187863,0.5167614759778335,0.4454135374469162
48439,"Texas, Tarrant",0.5655130098751665,7,6,"-97.291,32.7714",0.5774047212476895,0.46663500356209897,0.7715383564374879,0.4464,1.0,0.8707511988926114,0.6070006119553377,0.4550898203592814,0.38582646381517377,0.26135525881439925,0.3646513419551649,0.4589405326197029
48121,"Texas, Denton",0.488207201346347,6,6,"-97.1169,33.2052",0.4505901990334675,0.24704724409448803,0.7114153541193317,0.3114,1.0,0.8707511988926114,0.5549663821799906,0.4730538922155689,0.3414940492053623,0.17513922859113534,0.1448159580771282,0.539109667834595
48085,"Texas, Collin",0.4733604558673957,8,6,"-96.5726,33.1882",0.4410845027663053,0.270896273917422,0.7218721432420473,0.1713,1.0,0.8707511988926114,0.5376952607365821,0.4730538922155689,0.3752278782944123,0.1762603018450373,0.1093574724380076,0.4866563136074086
48215,"Texas, Hidalgo",0.5338200590144841,6,8,"-98.183,26.3942",0.32990051469044257,0.19904076738609103,0.6871177576584643,0.8284,1.0,0.8707511988926114,0.2126854490875763,0.38323353293413176,0.3823269845107231,0.2972555153842743,0.8482551950993621,0.4769068673895144
48157,"Texas, Fort Bend",0.5063360280385011,6,6,"-95.7722,29.527",0.5154452002950308,0.28484024473147496,0.6736387353958793,0.2248,1.0,0.8707511988926114,0.5892312039753754,0.5209580838323353,0.3643190466040495,0.17789021705103708,0.19594300383890684,0.5612714755755059
55079,"Wisconsin, Milwaukee",0.6051642369744955,7,7,"-87.9673,43.0049",0.6328322071145379,0.32877618522602003,0.8040903408418779,0.8529,0.825,0.7938058096772392,0.6584740139128471,0.5089820359281437,0.4555137084840577,0.35621276706115024,0.3762729756544817,0.37366540044408303
48423,"Texas, Smith",0.559865169907709,8,7,"-95.2718,32.3747",0.4070621381149641,0.23809523809523803,0.6452646208174047,0.7252,1.0,0.8707511988926114,0.6039044467399626,0.4371257485029941,0.5334405085950897,0.3602282798377028,0.4958955580290921,0.3796025961929488
53053,"Washington, Pierce",0.5010022843276564,5,7,"-122.1406,47.0389",0.4648231180911504,0.181540342298288,0.6979050020185881,0.7046,1.0,0.5977189445960914,0.5894935194940605,0.2455089820359281,0.4640817135884802,0.2775526243744112,0.18773219267455488,0.4902152178731408
55059,"Wisconsin, Kenosha",0.5689470591562517,5,4,"-88.0405,42.5764",0.6468530119441396,0.38846153846153797,0.6761042646593534,0.6135,1.0,0.7938058096772392,0.5073018101849586,0.4910179640718562,0.4640817135884802,0.2789265404473916,0.2622608994371667,0.42695187659116346
53063,"Washington, Spokane",0.4740801726345605,8,8,"-117.4046,47.6211",0.26055870442199497,0.0661577608142494,0.6828875810771663,0.7896,1.0,0.5977189445960914,0.4684050560125657,0.5209580838323353,0.5215324091055006,0.2505225435113577,0.19436472903311364,0.431074338603526
48201,"Texas, Harris",0.5750159569179015,7,7,"-95.3934,29.8586",0.5154526681756062,0.276132596685083,0.7816065156047461,0.6014,1.0,0.8707511988926114,0.6353155209001232,0.5389221556886228,0.3530812563017395,0.2439287739458225,0.5135236216654985,0.44494489938609705
48339,"Texas, Montgomery",0.5168383665838586,6,6,"-95.5057,30.3008",0.4482729674050519,0.211779448621554,0.6777140173612115,0.5221,1.0,0.8707511988926114,0.5064801326597558,0.502994011976048,0.4437744133187831,0.22290356380719767,0.2605563915552481,0.4532674198079373
55009,"Wisconsin, Brown",0.5624076523466632,5,4,"-88.0041,44.4527",0.7118288064538034,0.42232055063913504,0.6938353488050043,0.5482,1.0,0.7938058096772392,0.5610494698477523,0.3652694610778443,0.4833394486037307,0.28921052325229163,0.11104656253963603,0.3872134781514286
53011,"Washington, Clark",0.4424234508125376,8,6,"-122.4829,45.7757",0.3488130690494318,0.14397905759162302,0.7123420365337142,0.3658,1.0,0.5977189445960914,0.4380968900453439,0.3173652694610779,0.5016507991249867,0.25216666553230355,0.1374389115625282,0.5273828337625638
55025,"Wisconsin, Dane",0.4531644874326463,6,8,"-89.4173,43.066",0.3724383528199015,0.151873767258383,0.7091556558395741,0.6546,0.825,0.7938058096772392,0.4377344792256308,0.38323353293413176,0.452613368495235,0.13286848463436088,0.05185132008118906,0.4333213526835461
54039,"West Virginia, Kanawha",0.5142632261871845,8,7,"-81.5286,38.3386",0.4233557480310588,0.202970297029703,0.6288137440275356,0.6648,1.0,0.5276051698541541,0.3761101837303431,0.44311377245508987,0.6075890184122873,0.5304519683567241,0.3328120597877429,0.3142397842468612
55087,"Wisconsin, Outagamie",0.4742140541318165,8,6,"-88.4657,44.4158",0.4708375481619032,0.515625,0.6632489886232021,0.2229,1.0,0.7938058096772392,0.4405596352922324,0.34131736526946105,0.4833394486037307,0.27795157354742583,0.04991265466111418,0.4394676611370861
53077,"Washington, Yakima",0.5721938988907636,7,2,"-120.738,46.4574",0.7155810352188211,0.41374269005847997,0.6031205968473241,0.7915,0.75,0.5977189445960914,0.5127703020880279,0.29341317365269465,0.4640817135884802,0.3308165151533888,0.5765969176725464,0.4731632789193962
48303,"Texas, Lubbock",0.5424049463910002,6,7,"-101.8205,33.6101",0.4366921046718381,0.128664495114007,0.6950567386599165,0.8555,1.0,0.8707511988926114,0.5480983418084203,0.311377245508982,0.4285603903886945,0.3075705673217615,0.4115641542871728,0.3910413675666912
48479,"Texas, Webb",0.5292479346982918,6,7,"-99.3324,27.761",0.4600814239687796,0.195121951219512,0.6352741962406732,0.8497,0.825,0.8707511988926114,0.18865734109909105,0.3233532934131737,0.3213436387749264,0.32484913996656384,0.7839713624367224,0.4898689547463629
48135,"Texas, Ector",0.5183030020858072,8,8,"-102.5429,31.869",0.3813874857699538,0.242718446601942,0.6444263446210912,0.7224,1.0,0.8707511988926114,0.5280943448386567,0.2874251497005988,0.3414940492053623,0.300069951318762,0.5387532532419799,0.34109059305534345
48329,"Texas, Midland",0.4997314888103792,6,6,"-102.0316,31.869",0.4170723881527112,0.318965517241379,0.655204659623549,0.5559,1.0,0.8707511988926114,0.5359357392042848,0.29341317365269465,0.3679909167750092,0.2505603618432537,0.29391878178336256,0.44161009870501533
48183,"Texas, Gregg",0.6069372227664372,6,7,"-94.8159,32.4794",0.5090203190907285,0.436619718309859,0.6743786538798262,0.951,1.0,0.8707511988926114,0.6379441555530592,0.43113772455089816,0.504194780386106,0.3320351944521425,0.5177354460670988,0.353354947833947
48027,"Texas, Bell",0.5449962519428879,8,7,"-97.4785,31.0374",0.3776899643296419,0.21900826446281002,0.6671763288205065,0.8405,1.0,0.8707511988926114,0.6515040177453816,0.4251497005988024,0.371626963251256,0.3304317576283016,0.3907701458293157,0.4216279869288329
48039,"Texas, Brazoria",0.5594234367203688,7,7,"-95.4456,29.1876",0.5187596714645856,0.285112359550562,0.6151855392361406,0.7867,1.0,0.8707511988926114,0.5842043937581789,0.502994011976048,0.4061601502796258,0.2432588742931872,0.2594982259314297,0.5691704124012849
48167,"Texas, Galveston",0.5503614100573101,8,7,"-94.9047,29.4017",0.4497929774477811,0.141414141414141,0.6956831290323027,0.6788,1.0,0.8707511988926114,0.5720167108542571,0.4371257485029941,0.472457162859293,0.3699608578762836,0.339885327850064,0.4952959510440923
48203,"Texas, Harrison",0.6150304344806407,6,7,"-94.3693,32.5494",0.6125485041623394,0.435,0.5732063709055063,0.7179,1.0,0.8707511988926114,0.6565838137223092,0.4191616766467066,0.5357771420024626,0.4614227845580978,0.4714173023389375,0.4655777630710525
48453,"Texas, Travis",0.5164216878789609,6,7,"-97.7854,30.3343",0.5208347723213765,0.29315413691726194,0.7525193558491371,0.7386,0.675,0.8707511988926114,0.5682631032816879,0.4491017964071857,0.3295349972503631,0.13205448623003846,0.2507616443689027,0.4800410338900289
48257,"Texas, Kaufman",0.5439691909023048,6,6,"-96.2873,32.5991",0.49569670671964,0.398601398601399,0.5934029930821451,0.3715,1.0,0.8707511988926114,0.5891576150676885,0.4550898203592814,0.4222965150817872,0.3219679497769076,0.4332158972250765,0.6073808613870284
48309,"Texas, McLennan",0.5218371886051607,8,8,"-97.2022,31.5526",0.19467351642861985,0.0729166666666667,0.6692071953476314,0.8984,1.0,0.8707511988926114,0.6140399178453214,0.44311377245508987,0.4833394486037307,0.3097131952387128,0.4837145479886241,0.4550869135758082
48485,"Texas, Wichita",0.5506439744046563,8,8,"-98.7041,33.9884",0.3327847838267651,0.166666666666667,0.6531197891126818,0.8883,1.0,0.8707511988926114,0.6048098769101452,0.34730538922155696,0.491297583161881,0.4194193426647399,0.477362422509092,0.4307775693705013
48451,"Texas, Tom Green",0.5440116886661887,6,7,"-100.4624,31.4046",0.4456755898847937,0.38372093023255793,0.6028198115552039,0.8851,1.0,0.8707511988926114,0.4863809197134165,0.29940119760479045,0.5092312328105775,0.2931807426463982,0.3579173855106351,0.3786283595309222
48491,"Texas, Williamson",0.4767265186505071,8,6,"-97.6005,30.6466",0.4362168716457017,0.321507760532151,0.6708155816196407,0.1897,1.0,0.8707511988926114,0.5167060204331537,0.44311377245508987,0.41269877075759065,0.207322450411716,0.12221794887391785,0.5489193606145784
51710,"Virginia, Norfolk City",0.6103191726404986,6,7,"-76.2642,36.8993",0.5274321668947141,0.415472779369628,0.8242305710829707,0.9411,1.0,0.8828628229997477,0.6618789893360938,0.34730538922155696,0.3823269845107231,0.3945436820199197,0.4713865872297657,0.3940756493677123
49049,"Utah, Utah",0.4359625908755807,5,4,"-111.6658,40.1167",0.5515821932886946,0.31752577319587605,0.6530924702350303,0.5078,1.0,0.378950711067136,0.2860358190288467,0.281437125748503,0.24839123848592914,0.0835762059533007,0.20522438712215446,0.5346121169683653
51510,"Virginia, Alexandria City",0.5491285046798559,5,4,"-77.0818,38.814",0.7254961825083195,0.42550143266475604,0.8733320701327731,0.7192,0.425,0.8828628229997477,0.6019379764480858,0.4011976047904192,0.38929338935206537,0.15128347178683696,0.1533299454367165,0.4803557098967519
49011,"Utah, Davis",0.3809396488362472,8,6,"-112.114,40.99",0.3941154251957759,0.17231638418079095,0.6769775565669962,0.1379,1.0,0.378950711067136,0.3462123192884433,0.3233532934131737,0.3453966168814669,0.13731581876454568,0.06790412019701515,0.5525768383889554
51740,"Virginia, Portsmouth City",0.5947967222868001,6,7,"-76.3597,36.8591",0.512550982924967,0.223744292237443,0.7789831370172744,0.7469,1.0,0.8828628229997477,0.6655632445088534,0.3592814371257485,0.491297583161881,0.4660664424173412,0.4767494452911509,0.3480106252637301
51650,"Virginia, Hampton City",0.5749381378645044,6,7,"-76.3588,37.0351",0.4499166000407885,0.24683544303797503,0.7593388759992394,0.8061,1.0,0.8828628229997477,0.6624328388682681,0.34131736526946105,0.4990893333193936,0.4662105628050406,0.3393240242863765,0.3636833562756384
49035,"Utah, Salt Lake",0.4728540560120938,5,4,"-111.9216,40.6662",0.5866355960596481,0.318953895928822,0.7254662847347499,0.4846,1.0,0.378950711067136,0.4358637982114586,0.3233532934131737,0.371626963251256,0.14148300664175173,0.19211240814526154,0.4623065931457097
51550,"Virginia, Chesapeake City",0.5137633371510133,6,6,"-76.3055,36.6767",0.5102560047212079,0.32453825857519797,0.6995924085170953,0.2544,1.0,0.8828628229997477,0.6039366174271594,0.3592814371257485,0.4437744133187831,0.33210660019093075,0.1409472997383916,0.5344619479583828
51680,"Virginia, Lynchburg City",0.5416928655891874,6,7,"-79.1989,37.4002",0.3997176481989073,0.20547945205479504,0.7471336276246651,0.893,0.75,0.8828628229997477,0.5858033414057148,0.3652694610778443,0.4860110859057147,0.352508677845276,0.4541342115365227,0.3048074898893847
51700,"Virginia, Newport News City",0.5924075983238686,6,7,"-76.5175,37.0817",0.4726775565322641,0.34782608695652195,0.7798204739619129,0.9507,1.0,0.8828628229997477,0.6513704146243791,0.3592814371257485,0.4407808887294848,0.4067712897562947,0.3812871268882113,0.3932271803073154
50007,"Vermont, Chittenden",0.3787669627134035,8,3,"-73.0836,44.4632",0.3169805946366109,0.0323325635103926,0.6682772988766502,0.7918,0.5,0.581986107493328,0.3095252698460511,0.2095808383233533,0.4886637078344629,0.11219032938090337,0.057361731118007075,0.413167965396129
51760,"Virginia, Richmond City",0.5986275035806983,7,2,"-77.4797,37.5326",0.6135255217748743,0.45263157894736794,0.8112598956826671,0.879,0.675,0.8828628229997477,0.6571239583470768,0.377245508982036,0.4407808887294848,0.3785219896012398,0.4898884053835516,0.26206146224411064
53033,"Washington, King",0.4827225504208974,6,4,"-121.8346,47.4914",0.5022098594129646,0.14348122866894197,0.7570142855563582,0.8666,0.825,0.5977189445960914,0.5310167840746925,0.2694610778443114,0.4496902805094778,0.09410375368131388,0.08320313539834424,0.4659167114674888
51770,"Virginia, Roanoke City",0.5863554625032762,6,7,"-79.9619,37.2779",0.4846883126108112,0.33333333333333304,0.7676863805478356,0.7431,1.0,0.8828628229997477,0.5900286210558274,0.3592814371257485,0.5334405085950897,0.4337298968522652,0.4941709347619513,0.2935104623175886
53061,"Washington, Snohomish",0.4767340135359676,5,6,"-121.7171,48.0462",0.4766923754692619,0.109941944847605,0.6897644033162964,0.5527,1.0,0.5977189445960914,0.5117282570397075,0.3053892215568862,0.4496902805094778,0.20985121839672385,0.1012997550138802,0.5886623553471496
51810,"Virginia, Virginia Beach City",0.4879445974708738,8,6,"-76.0457,36.7329",0.4565670505381954,0.25981308411215,0.7443734600514123,0.2308,1.0,0.8828628229997477,0.5585381942668363,0.311377245508982,0.4640817135884802,0.2342382878608869,0.1182336571830053,0.5669558370500178
53073,"Washington, Whatcom",0.480718659352056,6,3,"-121.749,48.8223",0.3937216091155185,0.11337209302325599,0.6106058825662298,0.8781,0.75,0.5977189445960914,0.4747546506292552,0.3892215568862276,0.5449798764246452,0.20710380215983493,0.24021070323988994,0.5505955121962031
51800,"Virginia, Suffolk City",0.5315990989842159,6,6,"-76.636,36.7016",0.5696495127164982,0.313725490196078,0.6359020142178043,0.255,1.0,0.8828628229997477,0.6208219336792652,0.3652694610778443,0.4779380235136903,0.34306892248610504,0.23149809150765774,0.5032818818625987
53005,"Washington, Benton",0.4978113471217533,5,4,"-119.5121,46.2395",0.5545070709791337,0.250406504065041,0.6239600727220632,0.5212,1.0,0.5977189445960914,0.4142910982997965,0.3712574850299401,0.4886637078344629,0.23625162329662214,0.21993559944992253,0.4757847566253251
55139,"Wisconsin, Winnebago",0.4950547058432741,6,6,"-88.6448,44.0689",0.4506587398007945,0.44642857142857106,0.670882160592895,0.4304,1.0,0.7938058096772392,0.3996427684980942,0.407185628742515,0.5215324091055006,0.3056505594053344,0.08871354643516229,0.44101961073582907
55101,"Wisconsin, Racine",0.5809709872819859,5,4,"-88.0594,42.7475",0.6905981140440012,0.5728260869565219,0.6738683018807355,0.4839,1.0,0.7938058096772392,0.5440786630043883,0.5209580838323353,0.526341402378779,0.3132008781794048,0.18692059108396994,0.412310564799418
55133,"Wisconsin, Waukesha",0.4462668611632013,8,6,"-88.3043,43.0183",0.4371270431784889,0.229074889867841,0.7013824726907147,0.1028,1.0,0.7938058096772392,0.2921182999473924,0.4970059880239522,0.5691748594129424,0.18837273295197088,0.005059079609106271,0.44252293869310894
56021,"Wyoming, Laramie",0.4375202943064427,9,6,"-104.6887,41.307",0.4581158527030788,0.17415730337078697,0.5918580984622931,0.4031,0.75,0.7322915319806957,0.4520131194243925,0.09580838323353293,0.5142005305328247,0.3010852959685689,0.15914967569060515,0.4742575201890588
42069,"Pennsylvania, Lackawanna",0.5601210252389661,6,4,"-75.6038,41.4356",0.6352672264059691,0.266300078554595,0.6710983877945809,0.652,1.0,0.7909959537175825,0.3520028640289405,0.4131736526946108,0.6056629582719985,0.3695597676822264,0.21844152017868246,0.4145192116524685
44003,"Rhode Island, Kent",0.4308583186812189,5,4,"-71.5764,41.6711",0.6273751992879105,0.27746319365798405,0.715785722769365,0.2311,1.0,0.0,0.3394263831743831,0.21556886227544908,0.5817386943120182,0.26733354265448417,0.09364229762025356,0.4679277713210294
45079,"South Carolina, Richland",0.5725574100150719,7,7,"-80.9027,34.0179",0.5424765343788029,0.236622073578595,0.6616894090889791,0.8211,1.0,0.8887978073243648,0.6219704121043937,0.407185628742515,0.4254416122920297,0.3358504076847301,0.3286248074734799,0.3836103354832037
46103,"South Dakota, Pennington",0.4956072771399499,6,3,"-102.8241,44.0026",0.4414415950703535,0.697674418604651,0.5352845244089142,0.8118,0.75,0.6649380575747207,0.5990920957935091,0.14970059880239522,0.5517358041566147,0.2838061815321989,0.20016157351938416,0.3922618629668536
47093,"Tennessee, Knox",0.4763196276874404,8,8,"-83.9464,35.9951",0.3771572672473403,0.228476821192053,0.7129959497983217,0.5244,1.0,0.441208419310864,0.4598952607418752,0.4491017964071857,0.5142005305328247,0.3706685813999439,0.2348066507967921,0.3791731567816388
48245,"Texas, Jefferson",0.6047696653241175,7,7,"-94.1643,29.8833",0.5039889870633056,0.28438228438228397,0.6702411380050683,0.8762,1.0,0.8707511988926114,0.6847725631793917,0.4191616766467066,0.4833394486037307,0.4075288220261789,0.5617663379989384,0.3673920426988725
1101,"Alabama, Montgomery",0.6232185178992221,7,7,"-86.2097,32.2207",0.6540884617826787,0.548919949174079,0.6824234818292259,0.7463,1.0,0.6745456273075616,0.6342865860157479,0.532934131736527,0.491297583161881,0.4614068876921968,0.4635237601846183,0.3876645735375624
1083,"Alabama, Limestone",0.5266011191538436,8,6,"-86.9831,34.8119",0.4137702771703235,0.3125,0.5735729602704057,0.4521,1.0,0.6745456273075616,0.5808349131039572,0.5269461077844312,0.504194780386106,0.3878676852597721,0.3907099201250575,0.6021326045198887
4019,"Arizona, Pima",0.57524433862089,6,7,"-111.789,32.0971",0.5008681633230622,0.276,0.7030431888558037,0.9825,0.825,0.9184282401384838,0.6065804571993366,0.29341317365269465,0.5938927650957907,0.23283188419832265,0.4074901262969153,0.4744079780322429
6087,"California, Santa Cruz",0.4461160332444595,8,8,"-122.0067,37.0558",0.28270337363354403,0.11409395973154401,0.7045887159516678,0.9035,0.675,0.7042409248759723,0.4097852549156569,0.2694610778443114,0.5117241638959221,0.10002110152534388,0.2685884528293614,0.5314706195357516
6007,"California, Butte",0.4691069629038832,8,8,"-121.6005,39.6673",0.1883980332907396,0.272727272727273,0.6316506217342396,0.9484,0.675,0.7042409248759723,0.4796794973938199,0.3532934131736527,0.5734100391661536,0.25533355837944066,0.4049796780406121,0.460981167888327
6115,"California, Yuba",0.5136409333501921,8,8,"-121.3536,39.2626",0.3060241526230317,0.24,0.6197009627077803,0.9077,0.825,0.7042409248759723,0.5734465879167465,0.39520958083832336,0.4285603903886945,0.35698860707649394,0.4913653805547823,0.4664777019220563
6061,"California, Placer",0.41482928142211295,8,5,"-120.7241,39.0617",0.2810477521834121,0.137931034482759,0.6638338457049918,0.1974,1.0,0.7042409248759723,0.4071571975653627,0.4491017964071857,0.5938927650957907,0.09172033891444682,0.06243309677078205,0.488002309483941
6047,"California, Merced",0.5379483394182356,6,7,"-120.7209,37.1892",0.4096386323093064,0.291005291005291,0.6269899167751491,0.8274,0.75,0.7042409248759723,0.5434240131486126,0.5389221556886228,0.3927283612037091,0.29676891090619234,0.5809649675509928,0.5866315326055649
6075,"California, San Francisco",0.4972005830868694,6,3,"-122.4386,37.7522",0.5228480913776499,0.24827245804540998,0.907679304330717,0.9497,0.425,0.7042409248759723,0.4783467871295514,0.407185628742515,0.5142005305328247,0.0778775348104883,0.13914149222191052,0.3607572569501175
8013,"Colorado, Boulder",0.4658853775464655,5,4,"-105.3547,40.0931",0.534614326621876,0.250909090909091,0.6908737534764587,0.5673,0.75,0.8932640553758339,0.33472876628111997,0.281437125748503,0.4612475416970637,0.04610544809022135,0.09851383438629947,0.4762126645321658
8041,"Colorado, El Paso",0.5033027010060704,6,6,"-104.5251,38.8324",0.4851529917333906,0.22941646682653896,0.6673375408419235,0.5782,1.0,0.8932640553758339,0.5529374025572921,0.18562874251497005,0.4316532862111269,0.1905170934027913,0.1826798583443255,0.5629501411617429
8035,"Colorado, Douglas",0.4158064690977299,8,6,"-104.93,39.3313",0.4788354025129111,0.20569620253164606,0.6619894563453733,0.0376,1.0,0.8932640553758339,0.3207829371134984,0.23952095808383236,0.3927283612037091,0.062474663007083236,0.0038428817373140295,0.5708818866137579
6107,"California, Tulare",0.5881918162341437,7,2,"-118.802,36.2203",0.6212115440603798,0.491778774289985,0.6123668999562277,0.6371,0.75,0.7042409248759723,0.4696491284991762,0.8862275449101797,0.3927283612037091,0.3133814773322623,0.5979160942715358,0.3797380491635831
8001,"Colorado, Adams",0.5591713200204627,6,4,"-104.3363,39.8743",0.6393723385457808,0.33928571428571397,0.6981796111453099,0.5524,1.0,0.8932640553758339,0.5405084978334441,0.3712574850299401,0.3568649619747121,0.24821133819685365,0.3132796593826889,0.4952043756193816
12071,"Florida, Lee",0.5347008181262417,6,7,"-81.884,26.5841",0.4902476070010983,0.229602888086643,0.6937633269337034,0.6103,1.0,0.7086085981321527,0.4859920750473031,0.2754491017964072,0.7389787970328645,0.2576080684526201,0.35573709456507585,0.4338054061436552
9009,"Connecticut, New Haven",0.5472126202916769,5,4,"-72.9362,41.408",0.6744732734577277,0.200485780791418,0.7497932411848623,0.8009999999999999,1.0,0.4556223776842445,0.5354118872157564,0.3233532934131737,0.5494974081927578,0.22996189374426165,0.2078953971060104,0.4023923621297341
12105,"Florida, Polk",0.5786770570450436,8,7,"-81.6973,27.9503",0.4552693045394027,0.301675977653631,0.6587520818218354,0.9013,1.0,0.7086085981321527,0.5683463197514504,0.3173652694610779,0.6189409155096902,0.4375875579254585,0.508524888212059,0.4500526641479952
12057,"Florida, Hillsborough",0.5294911984383089,6,7,"-82.3201,27.9277",0.4466966490256988,0.258290816326531,0.7432750928988894,0.8099,1.0,0.7086085981321527,0.5536549913317519,0.2455089820359281,0.4806485213347297,0.2623250555865962,0.3622872421602093,0.4130889325421838
13089,"Georgia, DeKalb",0.5707374309284574,7,7,"-84.224,33.7694",0.5721081391980071,0.246819338422392,0.7953742752471666,0.7208,1.0,0.6907703955404041,0.6571357962063848,0.43113772455089816,0.41269877075759065,0.2454577475074361,0.4045381031769902,0.4452501128252657
13095,"Georgia, Dougherty",0.6234486918686654,7,7,"-84.2172,31.5333",0.6238057743272137,0.0794223826714801,0.6620645153928169,0.9204,1.0,0.6907703955404041,0.6320737720547778,0.4610778443113772,0.5016507991249867,0.5163126398586393,0.6709985409720887,0.27706902789890303
12111,"Florida, St. Lucie",0.5222142865632677,8,8,"-80.4711,27.3776",0.4091650365267179,0.20447284345047897,0.6854660357249557,0.4941,1.0,0.7086085981321527,0.5807150112470018,0.23952095808383236,0.6758588134982833,0.33621045956189444,0.4587259396805845,0.4466475061402143
13245,"Georgia, Richmond",0.5940269464810768,7,7,"-82.0703,33.3578",0.4810220789722776,0.159183673469388,0.7170668328967399,0.9261,1.0,0.6907703955404041,0.654749997272397,0.4970059880239522,0.4640817135884802,0.4521215795585956,0.6050865666205297,0.2724134466939474
13051,"Georgia, Chatham",0.5671674930355047,6,7,"-81.1249,32.0004",0.4912473594539417,0.348441926345609,0.7083266192070634,0.8208,1.0,0.6907703955404041,0.6051795712512603,0.4131736526946108,0.4965101409658336,0.3398046013634186,0.4141969811745289,0.3969846778780639
13153,"Georgia, Houston",0.5349292509539492,6,6,"-83.6688,32.458",0.5118748319978967,0.254777070063694,0.6514690198645064,0.4031,1.0,0.6907703955404041,0.6104168768756529,0.4970059880239522,0.43472072581226856,0.3777721248851859,0.3673451172552304,0.4938795472811492
17113,"Illinois, McLean",0.4599751816266181,8,3,"-88.8462,40.49",0.4108984087325633,0.265151515151515,0.6310724318471767,0.6393,0.825,0.481319346684492,0.4338485732974326,0.5209580838323353,0.4377631248108773,0.29300606172391225,0.08860718784144209,0.4779863617757821
17019,"Illinois, Champaign",0.5622966539621805,7,4,"-88.2005,40.1392",0.5790854632022895,0.584302325581395,0.6484632073415261,0.9936,1.0,0.481319346684492,0.5011496345257657,0.5269461077844312,0.4254416122920297,0.2716635130490008,0.21180223854124672,0.4569153870246858
47065,"Tennessee, Hamilton",0.5345130348299673,6,4,"-85.1665,35.1767",0.5025598363128464,0.518072289156627,0.7022755641906253,0.5887,1.0,0.441208419310864,0.5740322047333769,0.4730538922155689,0.5561726637917245,0.3739504526306413,0.2679440377937975,0.3772799306951283
47157,"Tennessee, Shelby",0.5627243593611131,7,4,"-89.8969,35.1865",0.5905748265621514,0.27705146036161304,0.7339382836810492,0.6972,1.0,0.441208419310864,0.6260208897855559,0.3892215568862276,0.4496902805094778,0.4388481677584069,0.4523381605841314,0.381251873824034
48441,"Texas, Taylor",0.4352361549036421,2,10,"-99.8901,32.3016",0.0,0.0,0.6351793672494511,0.7399,1.0,0.8707511988926114,0.5432540236588923,0.311377245508982,0.4860110859057147,0.3100073345247475,0.3664590766941822,0.35502520772188845
47149,"Tennessee, Rutherford",0.5037199159024157,6,4,"-86.4107,35.8459",0.5794361021011699,0.383292383292383,0.6602220798763534,0.2824,1.0,0.441208419310864,0.5552979821913213,0.4910179640718562,0.3606106398115555,0.3737377643543285,0.22147581161062446,0.5405836813083538
48375,"Texas, Potter",0.6635234698755166,4,2,"-101.894,35.4013",0.8011063641580872,0.60875512995896,0.6549458485849775,0.985,1.0,0.8707511988926114,0.5983391704097168,0.2694610778443114,0.4254416122920297,0.4086973220646494,0.6157733769383491,0.31698058208522395
47125,"Tennessee, Montgomery",0.4771992359086781,8,6,"-87.3855,36.4961",0.4447221990039117,0.28078817733990097,0.6404142222425252,0.3174,1.0,0.441208419310864,0.6068475469582286,0.39520958083832336,0.3171794411774694,0.4244919599698064,0.31311921810654475,0.5138409481499687
44007,"Rhode Island, Providence",0.5276123376352905,7,4,"-71.5775,41.8706",0.7334474126136189,0.277985074626866,0.7650028184736936,0.8832,0.825,0.0,0.5868175817128228,0.2694610778443114,0.504194780386106,0.2577156700127973,0.3498388299928343,0.36262478634217343
45019,"South Carolina, Charleston",0.5062177537206363,8,8,"-79.9651,32.8249",0.35487854276300296,0.0978043912175649,0.6640262428642522,0.7122,1.0,0.8887978073243648,0.5754227428623864,0.3532934131736527,0.5215324091055006,0.2703819695596318,0.22040776897130765,0.3711220302611367
42011,"Pennsylvania, Berks",0.5754851002647414,5,4,"-75.9246,40.4157",0.6594787848484558,0.23517951572502102,0.6690604651227466,0.623,1.0,0.7909959537175825,0.4745448324282347,0.4191616766467066,0.5494974081927578,0.364669947225484,0.29988678772113514,0.4729199245419401
46099,"South Dakota, Minnehaha",0.5586739978032673,5,4,"-96.7911,43.6744",0.7633124733341651,0.32634633989035805,0.6209148635260614,0.6765,1.0,0.6649380575747207,0.6258502638067909,0.29940119760479045,0.4407808887294848,0.27596838100962584,0.1316524258973901,0.35192908222277064
45035,"South Carolina, Dorchester",0.4774723210629768,8,8,"-80.405,33.0794",0.2831603974206863,0.0909090909090909,0.5819801868418131,0.3378,1.0,0.8887978073243648,0.6268511188279781,0.4191616766467066,0.4612475416970637,0.3181141422454409,0.27192772722766745,0.6183365469398288
45015,"South Carolina, Berkeley",0.5052107498061267,8,8,"-79.9465,33.2022",0.31222572384909303,0.0895522388059701,0.5766717867130688,0.5107,1.0,0.8887978073243648,0.6165354826343274,0.4131736526946108,0.4583916518016399,0.35416625927349105,0.2973104525443734,0.7480937011299799
45063,"South Carolina, Lexington",0.5378975898482297,6,6,"-81.2715,33.8967",0.5046375608122283,0.27734375,0.6191180988058298,0.4693,1.0,0.8887978073243648,0.5485395154466849,0.4191616766467066,0.5117241638959221,0.33473884257542963,0.2768576829268439,0.51043261690104
45091,"South Carolina, York",0.5161913822307749,6,6,"-81.1809,34.9728",0.4279829151272016,0.23214285714285698,0.6104697292574662,0.3547,1.0,0.8887978073243648,0.6162922703858514,0.4790419161676647,0.4779380235136903,0.31516597625603915,0.2446598169162681,0.5585960433478159
48381,"Texas, Randall",0.5467295116426181,6,4,"-101.8971,34.9659",0.6464519675864868,0.5094339622641509,0.6124904107346281,0.39,1.0,0.8707511988926114,0.4582647369228216,0.2694610778443114,0.4939129750014257,0.22697212677885864,0.14141946925977672,1.0
48355,"Texas, Nueces",0.5765545441776134,6,7,"-97.5433,27.7363",0.45176434023665896,0.511961722488038,0.706723205006205,0.8742,1.0,0.8707511988926114,0.45717375795772797,0.4131736526946108,0.4779380235136903,0.3336861364914124,0.4990387375343332,0.377710756587824
48041,"Texas, Brazos",0.5624671780838739,6,7,"-96.3021,30.6636",0.4983682723025749,0.337704918032787,0.6794170298008559,0.914,1.0,0.8707511988926114,0.5375185813786061,0.4251497005988024,0.30440018439969097,0.21523645645438447,0.4404294911783195,0.458327887144645
