City,2020-01-01,2020-01-02,2020-01-03,2020-01-04,2020-01-05,2020-01-06,2020-01-07,2020-01-08,2020-01-09,2020-01-10,2020-01-11,2020-01-12,2020-01-13,2020-01-14,2020-01-15,2020-01-16,2020-01-17,2020-01-18,2020-01-19,2020-01-20,2020-01-21,2020-01-22,2020-01-23,2020-01-24,2020-01-25,2020-01-26,2020-01-27,2020-01-28,2020-01-29,2020-01-30,2020-01-31,2020-02-01,2020-02-02,2020-02-03,2020-02-04,2020-02-05,2020-02-06,2020-02-07,2020-02-08,2020-02-09,2020-02-10,2020-02-11,2020-02-12,2020-02-13,2020-02-14,2020-02-15,2020-02-16,2020-02-17,2020-02-18,2020-02-19,2020-02-20,2020-02-21,2020-02-22,2020-02-23,2020-02-24,2020-02-25,2020-02-26,2020-02-27,2020-02-28,2020-02-29,2020-03-01,2020-03-02,2020-03-03,2020-03-04,2020-03-05,2020-03-06,2020-03-07,2020-03-08,2020-03-09,2020-03-10,2020-03-11,2020-03-12,2020-03-13,2020-03-14,2020-03-15,2020-03-16,2020-03-17,2020-03-18,2020-03-19,2020-03-20,2020-03-21,2020-03-22,2020-03-23,2020-03-24,2020-03-25,2020-03-26,2020-03-27,2020-03-28,2020-03-29,2020-03-30,2020-03-31,2020-04-01,2020-04-02,2020-04-03,2020-04-04,2020-04-05,2020-04-06,2020-04-07,2020-04-08,2020-04-09,2020-04-10,2020-04-11,2020-04-12,2020-04-13,2020-04-14,2020-04-15,2020-04-16,2020-04-17,2020-04-18,2020-04-19,2020-04-20,2020-04-21,2020-04-22,2020-04-23,2020-04-24,2020-04-25,2020-04-26,2020-04-27,2020-04-28,2020-04-29,2020-04-30,2020-05-01,2020-05-02,2020-05-03,2020-05-04,2020-05-05,2020-05-06,2020-05-07,2020-05-08,2020-05-09,2020-05-10,2020-05-11,2020-05-12,2020-05-13,2020-05-14,2020-05-15,2020-05-16,2020-05-17,2020-05-18,2020-05-19,2020-05-20,2020-05-21,2020-05-22,2020-05-23,2020-05-24,2020-05-25,2020-05-26,2020-05-27,2020-05-28
Albuquerque,0.9740000000000001,0.9840000000000001,1.011,1.006,1.089,1.079,1.042,1.08,1.064,1.1,1.072,1.17,1.172,1.168,1.167,1.183,1.183,1.182,1.216,1.202,1.236,1.246,1.2690000000000001,1.3319999999999999,1.307,1.338,1.315,1.3130000000000002,1.321,1.3130000000000002,1.2919999999999998,1.278,1.276,1.251,1.2429999999999999,1.228,1.265,1.237,1.183,1.188,1.177,1.128,1.1740000000000002,1.156,1.155,1.179,1.16,1.178,1.1640000000000001,1.162,1.14,1.08,1.078,1.1179999999999999,1.161,1.13,1.173,1.107,1.105,1.105,1.107,1.162,1.138,1.111,1.112,1.1059999999999999,1.089,1.107,1.077,1.036,1.023,0.977,0.961,0.9740000000000001,0.9390000000000001,0.9540000000000001,0.9079999999999999,0.922,0.9470000000000001,0.941,0.9420000000000001,1.006,0.982,0.982,0.976,1.0090000000000001,1.0659999999999998,1.0979999999999999,1.097,1.133,1.112,1.11,1.16,1.168,1.173,1.16,1.115,1.102,1.089,1.088,1.071,1.02,1.033,1.057,1.0490000000000002,1.047,1.06,1.032,1.05,1.085,1.085,1.093,1.123,1.119,1.113,1.123,1.146,1.119,1.078,1.074,1.038,1.012,0.992,0.976,0.9420000000000001,0.953,0.927,0.887,0.898,0.917,0.9420000000000001,0.948,0.9279999999999999,0.9329999999999999,0.9359999999999999,0.9490000000000001,0.956,0.9329999999999999,0.922,0.927,0.946,0.9540000000000001,0.968,0.958,0.9440000000000001,0.9159999999999999,0.9009999999999999,0.9440000000000001,0.9540000000000001
Atlanta,4.133,4.18,4.187,4.398,4.486000000000001,5.0569999999999995,5.182,5.159,5.0969999999999995,5.06,4.887,5.013999999999999,5.056,5.432,5.4670000000000005,5.478,5.396,5.296,5.117,5.207000000000001,5.181,5.144,5.153,5.3229999999999995,5.388,5.265,5.265,4.977,4.997,5.257000000000001,5.159,5.221,5.3020000000000005,5.309,5.336,5.181,5.047,5.044,4.7330000000000005,4.6160000000000005,4.5,4.398,4.503,4.414,4.007,4.01,4.093,3.885,3.83,3.6069999999999998,3.7439999999999998,4.0680000000000005,4.088,4.022,3.8789999999999996,3.95,3.792,3.6519999999999997,3.6839999999999997,3.687,3.693,3.4339999999999997,3.552,3.557,3.592,3.537,3.307,3.221,3.299,3.2760000000000002,3.353,3.3819999999999997,3.4019999999999997,3.46,3.4339999999999997,3.497,3.74,3.7,3.6660000000000004,3.659,3.627,3.56,3.575,3.5380000000000003,3.503,3.4810000000000003,3.29,3.237,3.049,3.0380000000000003,2.927,2.945,2.9019999999999997,2.867,2.805,2.798,2.762,2.622,2.5269999999999997,2.5140000000000002,2.427,2.468,2.421,2.47,2.456,2.415,2.434,2.388,2.344,2.391,2.354,2.3369999999999997,2.378,2.464,2.501,2.605,2.6180000000000003,2.6260000000000003,2.612,2.641,2.662,2.603,2.6919999999999997,2.6439999999999997,2.622,2.654,2.622,2.6180000000000003,2.576,2.5540000000000003,2.465,2.459,2.434,2.369,2.311,2.221,2.253,2.1319999999999997,2.207,2.181,2.133,2.189,2.157,2.14,2.133,2.215,2.189,2.211,2.271
Austin,2.8789999999999996,2.8930000000000002,2.907,2.9989999999999997,2.9789999999999996,2.97,3.042,3.065,3.054,3.234,3.2939999999999996,3.2739999999999996,3.3680000000000003,3.3,3.31,3.2760000000000002,3.358,3.352,3.3110000000000004,3.363,3.425,3.2680000000000002,3.28,3.301,3.173,3.1439999999999997,3.096,3.06,3.075,3.0460000000000003,2.9419999999999997,2.7769999999999997,2.7560000000000002,2.7030000000000003,2.79,2.667,2.719,2.7,2.608,2.6639999999999997,2.6039999999999996,2.815,2.781,2.747,2.678,2.77,2.7889999999999997,2.715,2.841,2.7439999999999998,2.7489999999999997,2.716,2.6710000000000003,2.645,2.6239999999999997,2.655,2.454,2.569,2.688,2.804,2.7680000000000002,2.87,2.947,2.8789999999999996,2.819,2.862,2.852,2.9210000000000003,3.025,3.01,2.9560000000000004,2.926,2.815,2.6660000000000004,2.582,2.605,2.537,2.5269999999999997,2.461,2.463,2.437,2.4019999999999997,2.349,2.272,2.252,2.2319999999999998,2.194,2.169,2.169,2.191,2.1719999999999997,2.187,2.16,2.1630000000000003,2.165,2.137,2.117,2.011,2.0180000000000002,1.986,2.019,1.993,1.9409999999999998,1.933,1.8969999999999998,1.87,1.865,1.973,1.953,1.984,1.9780000000000002,1.976,2.0869999999999997,2.075,2.0869999999999997,2.048,2.07,2.0869999999999997,2.085,2.092,2.121,2.117,2.01,2.0069999999999997,1.984,1.985,2.039,1.9409999999999998,1.964,1.963,1.98,1.953,1.835,1.8219999999999998,1.807,1.785,1.821,1.838,1.854,1.817,1.796,1.736,1.7790000000000001,1.736,1.795,1.845,1.921,2.005,1.993
Baltimore,6.861000000000001,6.9479999999999995,6.7379999999999995,6.781000000000001,6.809,6.473,6.256,6.657,6.711,6.9479999999999995,6.7860000000000005,6.763,6.715,6.797000000000001,6.849,6.81,6.797999999999999,6.9079999999999995,6.83,6.765,7.153,7.239,6.652,6.527,6.43,6.912000000000001,6.582999999999999,6.559,6.77,6.747000000000001,6.819,7.102,7.199,7.321000000000001,7.425,7.487,7.477,7.207999999999999,7.296,7.191,7.047000000000001,7.282,7.108,6.6579999999999995,6.529,6.545,6.34,6.337999999999999,5.784,5.801,5.856,5.626,5.752999999999999,5.69,5.481,5.165,4.928999999999999,5.1370000000000005,5.234,5.245,5.421,5.2589999999999995,5.284,5.336,5.406000000000001,5.33,5.386,5.553999999999999,5.694,5.827000000000001,6.63,7.146,7.127000000000001,6.772,6.941,6.68,6.568,6.691,6.865,6.731,6.372000000000001,6.182,5.882999999999999,5.777,5.876,5.2620000000000005,5.063,4.803,4.793,4.336,4.302,4.168,3.977,3.554,3.5469999999999997,3.628,3.616,3.84,3.963,4.023,4.157,4.316,4.437,4.532,4.439,4.524,4.515,4.537,4.489,4.535,4.592,4.572,4.4110000000000005,4.271,4.212,3.9819999999999998,3.8369999999999997,3.8160000000000003,3.742,3.6910000000000003,3.718,3.6719999999999997,3.6519999999999997,3.5780000000000003,3.535,3.432,3.4139999999999997,3.284,3.241,3.1,3.053,3.074,3.0060000000000002,3.1210000000000004,3.127,2.972,2.912,2.845,2.825,2.8110000000000004,2.863,2.8339999999999996,2.7969999999999997,2.7880000000000003,2.821,2.872,2.845,2.835,2.715
BirminghamA,3.051,3.09,3.179,3.3280000000000003,3.352,3.611,3.827,3.865,3.8819999999999997,4.013,4.11,4.213,4.137,4.117,4.082,3.825,3.739,3.727,3.5989999999999998,3.638,3.659,3.591,3.5210000000000004,3.659,3.5469999999999997,3.3160000000000003,3.5060000000000002,3.492,3.4160000000000004,3.498,3.5469999999999997,3.699,3.677,3.6689999999999996,3.681,3.64,3.3939999999999997,3.4410000000000003,3.182,3.179,3.2960000000000003,2.865,3.016,3.12,2.929,2.955,2.9760000000000004,2.781,2.753,2.589,2.7260000000000004,2.915,2.97,2.918,2.8539999999999996,2.6710000000000003,2.64,2.227,2.123,2.133,2.1790000000000003,2.048,2.129,2.1390000000000002,2.1390000000000002,1.919,1.985,1.9869999999999999,1.9480000000000002,1.9340000000000002,2.035,2.0980000000000003,2.224,2.353,2.378,2.369,2.496,2.504,2.479,2.476,2.444,2.388,2.262,2.3369999999999997,2.314,2.281,2.177,2.201,2.105,2.068,2.005,1.979,1.8969999999999998,1.8780000000000001,1.8219999999999998,1.8219999999999998,1.8090000000000002,1.761,1.724,1.69,1.675,1.6869999999999998,1.6269999999999998,1.614,1.605,1.565,1.663,1.694,1.696,1.694,1.679,1.6680000000000001,1.6569999999999998,1.716,1.7619999999999998,1.7630000000000001,1.774,1.794,1.8719999999999999,1.913,2.02,1.9480000000000002,1.9509999999999998,1.954,1.975,1.983,1.9880000000000002,2.051,2.057,2.032,2.02,2.013,1.9669999999999999,1.8840000000000001,1.8330000000000002,1.6780000000000002,1.692,1.6440000000000001,1.6780000000000002,1.714,1.7109999999999999,1.7109999999999999,1.6480000000000001,1.704,1.7280000000000002,1.8030000000000002,1.7690000000000001,1.8130000000000002,1.896
Boston,4.497,4.572,4.788,4.71,4.669,4.487,4.37,4.238,4.398,4.542,4.584,4.575,4.607,4.649,5.106,5.073,4.928,4.6739999999999995,4.711,4.9110000000000005,5.114,5.206,5.492999999999999,5.239,5.446000000000001,5.31,5.325,5.183,5.025,4.797,4.926,5.162000000000001,5.052,4.877,4.801,4.829,4.685,4.425,4.484,4.334,4.096,4.402,4.7139999999999995,4.7219999999999995,4.861000000000001,4.952,5.121,5.121,5.178999999999999,5.083,5.29,5.602,6.07,6.027,6.027,6.001,5.946000000000001,5.865,6.026,6.127999999999999,5.84,5.653,5.553,5.35,5.263999999999999,5.01,4.727,4.365,4.258,4.27,4.565,4.4639999999999995,4.313,4.159,4.07,4.398,4.398,4.291,4.412,4.842,4.855,4.792,4.88,4.869,4.997,4.899,4.809,4.769,4.817,4.861000000000001,4.531000000000001,4.398,4.538,4.4510000000000005,4.063,4.024,4.026,3.858,3.701,3.2889999999999997,3.201,3.23,3.193,3.115,3.0669999999999997,3.055,2.924,2.889,2.965,2.98,3.161,3.127,3.22,3.28,3.2710000000000004,3.31,3.4330000000000003,3.3819999999999997,3.437,3.451,3.4419999999999997,3.655,3.65,3.4389999999999996,3.405,3.1210000000000004,3.002,2.8760000000000003,2.82,2.863,2.7680000000000002,2.5839999999999996,2.573,2.485,2.326,2.219,2.158,2.128,2.209,2.15,2.177,2.191,2.1830000000000003,2.166,2.166,2.1430000000000002,2.134,2.093,2.129
Buffalo,5.49,5.607,5.715,5.4510000000000005,5.4510000000000005,5.21,5.167999999999999,5.167999999999999,5.077,5.085,5.085,5.32,5.331,5.19,4.999,5.06,4.9830000000000005,5.007,5.71,5.586,6.082999999999999,6.077999999999999,6.22,6.16,6.359,6.39,6.353,6.292999999999999,6.256,5.966,5.62,5.6129999999999995,5.718999999999999,5.431,5.507999999999999,5.37,5.287999999999999,5.752999999999999,5.937,5.218,5.2170000000000005,4.989,4.025,4.0360000000000005,3.9960000000000004,4.206,4.171,4.156000000000001,4.093,4.512,4.439,4.439,3.892,4.148,4.149,3.8480000000000003,3.818,4.103,4.043,3.9989999999999997,3.764,3.7230000000000003,3.53,3.6489999999999996,3.31,3.217,3.127,3.093,2.8339999999999996,3.13,3.264,3.17,3.592,3.708,3.918,3.9530000000000003,3.925,3.8960000000000004,3.841,3.821,3.878,3.964,4.008,3.957,3.81,3.8939999999999997,3.9789999999999996,3.7889999999999997,3.667,3.485,3.638,3.6910000000000003,3.923,3.91,3.656,3.611,3.217,3.1239999999999997,3.0839999999999996,3.102,2.96,2.947,2.998,3.0239999999999996,3.009,2.859,2.883,2.761,2.862,3.035,3.03,3.1180000000000003,3.185,3.1630000000000003,3.054,3.057,3.033,2.935,2.8939999999999997,2.825,2.86,2.86,2.825,2.7110000000000003,2.64,2.499,2.354,2.248,2.255,2.301,2.188,2.169,2.175,2.0980000000000003,2.0909999999999997,2.004,1.965,1.916,1.939,1.9809999999999999,2.0540000000000003,2.026,1.942,1.9280000000000002,1.893,1.893,2.011,2.009,2.031
Charlotte,3.114,3.438,3.49,3.5039999999999996,3.44,3.661,3.818,3.825,3.719,3.773,3.7560000000000002,4.1339999999999995,4.21,4.444,4.838,5.004,4.998,4.808,4.84,5.01,4.978,5.032,4.886,5.144,5.019,5.065,4.936,4.82,4.95,4.712,4.681,4.444,4.599,4.467,4.305,4.203,4.1339999999999995,4.107,3.7969999999999997,3.765,3.7460000000000004,3.6060000000000003,3.556,3.372,3.266,3.09,3.175,3.2110000000000003,3.12,3.218,3.259,3.5,3.4619999999999997,3.622,3.5989999999999998,3.489,3.4389999999999996,3.5639999999999996,3.515,3.477,3.572,3.451,3.431,3.575,3.533,3.551,3.2430000000000003,3.307,3.023,3.179,3.338,3.3280000000000003,3.333,3.347,3.395,3.3139999999999996,3.4189999999999996,3.4,3.38,3.345,3.299,3.2460000000000004,3.154,3.069,2.8789999999999996,2.841,2.741,2.6519999999999997,2.591,2.502,2.565,2.553,2.535,2.4930000000000003,2.475,2.465,2.435,2.487,2.544,2.5639999999999996,2.4019999999999997,2.456,2.463,2.549,2.515,2.583,2.5980000000000003,2.568,2.478,2.489,2.479,2.387,2.436,2.4219999999999997,2.447,2.674,2.64,2.658,2.608,2.6289999999999996,2.6430000000000002,2.6319999999999997,2.596,2.6319999999999997,2.66,2.639,2.759,2.6839999999999997,2.727,2.647,2.562,2.555,2.479,2.436,2.387,2.248,2.24,2.25,2.225,2.226,2.305,2.2640000000000002,2.278,2.217,2.2880000000000003,2.376,2.4090000000000003,2.4619999999999997,2.467
Chicago,6.405,6.68,6.48,6.546,6.56,6.656000000000001,7.079,6.879,7.155,7.204,7.082000000000001,10.880999999999998,11.125,12.032,13.345,13.315999999999999,13.255,13.581,11.698,11.374,11.639000000000001,11.758,11.655999999999999,11.145999999999999,11.42,10.977,8.385,8.183,7.256,7.215,7.221,7.07,6.925,7.6770000000000005,8.423,7.894,7.901,7.627000000000001,7.6370000000000005,7.587000000000001,7.4479999999999995,7.482,7.303,7.0489999999999995,6.705,6.816,6.8839999999999995,6.836,6.462000000000001,5.614,5.882000000000001,5.604,5.587000000000001,5.615,5.9639999999999995,5.85,5.932,5.899,5.72,5.659,5.675,5.568,5.521,5.946000000000001,6.176,6.01,6.131,6.172999999999999,6.031000000000001,5.797000000000001,5.872000000000001,5.769,5.742999999999999,6.385,6.763999999999999,6.649,6.435,6.733,6.557,6.42,6.447,6.316,6.313,6.436,6.419,6.648,6.412000000000001,6.492000000000001,6.019,5.6160000000000005,5.749,6.144,5.818,5.593999999999999,5.642,5.874,5.855,5.766,5.778,5.888999999999999,5.702000000000001,5.746,5.52,5.397,5.422000000000001,5.1739999999999995,5.195,5.093,5.235,5.202000000000001,4.8839999999999995,4.908,4.86,4.7780000000000005,4.5280000000000005,4.42,4.387,4.5089999999999995,4.453,4.47,4.446000000000001,4.425,4.292,3.985,4.0,4.006,4.0,3.903,3.78,3.734,3.6660000000000004,3.694,3.7760000000000002,3.7769999999999997,3.4,3.471,3.4410000000000003,3.46,3.4930000000000003,3.552,3.64,3.51,3.514,3.565,3.555,3.7319999999999998,3.705,3.6239999999999997,3.5260000000000002
Cincinnati,5.082,5.121,5.102,5.181,5.105,5.064,5.121,5.015,4.958,4.963,4.926,5.202000000000001,5.724,6.098,6.0760000000000005,6.273,6.678999999999999,6.898,5.933,6.507999999999999,6.3870000000000005,6.447,6.097,6.05,6.051,5.989,5.928,5.452999999999999,5.442,5.638999999999999,5.598,5.501,5.425,5.671,5.407,5.434,5.379,5.499,5.318,5.153,4.874,4.728,4.797,4.502,4.034,4.07,4.039,3.92,3.906,3.9730000000000003,4.012,3.927,3.909,3.799,3.9610000000000003,4.021,3.945,3.985,4.037,4.01,3.9419999999999997,3.9789999999999996,4.063,4.106,4.058,4.064,4.155,4.199,4.322,4.303,4.368,4.436,4.515,4.718,4.708,4.785,4.9,4.97,5.102,5.105,5.086,5.124,5.144,5.022,5.002,4.879,4.592,4.449,4.16,4.071000000000001,4.082,3.9139999999999997,3.7460000000000004,3.449,3.36,3.449,3.3369999999999997,3.238,3.27,3.343,3.3310000000000004,3.372,3.342,3.353,3.306,3.2510000000000003,3.3110000000000004,3.2910000000000004,3.38,3.426,3.388,3.344,3.375,3.319,3.202,3.194,3.233,3.19,3.198,3.335,3.265,3.227,3.281,3.12,3.0380000000000003,2.958,2.9360000000000004,2.946,2.991,2.95,2.92,2.923,2.966,2.924,2.792,2.803,2.8139999999999996,2.779,2.779,2.7539999999999996,2.701,2.589,2.5469999999999997,2.503,2.539,2.569,2.53,2.472,2.494
Cleveland,5.836,5.836,5.672999999999999,5.699,5.747999999999999,5.627999999999999,5.871,5.612,5.611000000000001,5.504,5.466,6.617999999999999,6.434,8.769,7.513,6.656000000000001,6.656000000000001,7.197,6.407,5.856,6.599,6.4670000000000005,6.415,6.166,6.075,6.041,5.272,5.275,5.119,5.289,5.395,5.395,4.939,5.069,5.257999999999999,4.022,4.105,4.2860000000000005,4.279,4.194,4.393,4.624,4.333,4.357,4.093,4.276,4.021,3.967,4.121,4.391,4.787,4.626,4.531000000000001,4.401,4.254,4.124,4.085,4.27,4.19,4.275,4.157,4.316,4.356,4.302,4.063,3.9,3.937,3.92,4.26,4.586,5.197,5.519,5.721,5.977,5.667000000000001,5.8,5.632999999999999,5.672999999999999,5.906000000000001,5.675,5.566,5.402,5.447,5.32,5.301,4.8839999999999995,4.824,4.544,4.397,4.302,4.211,4.243,4.037,3.675,3.603,3.609,3.582,3.53,3.509,3.427,3.523,3.5410000000000004,3.508,3.609,3.387,3.39,3.5,3.5069999999999997,3.475,3.605,3.662,3.628,3.5780000000000003,3.5010000000000003,3.4010000000000002,3.36,3.3,3.208,3.2289999999999996,3.346,3.6039999999999996,3.53,3.51,3.428,3.3280000000000003,3.196,3.1630000000000003,3.125,3.177,3.0639999999999996,2.908,2.958,3.0060000000000002,2.898,2.911,2.421,2.437,2.3569999999999998,2.46,2.477,2.551,2.487,2.476,2.528,2.553,2.61,2.5580000000000003,2.557,2.544
Dallas-FortWorth,4.495,4.7139999999999995,4.724,4.7860000000000005,4.926,4.745,4.86,5.071000000000001,4.993,5.023,5.172000000000001,5.1739999999999995,5.275,5.189,4.998,5.051,4.899,4.753,4.8580000000000005,4.966,5.172999999999999,4.885,4.8069999999999995,4.769,4.721,4.607,4.507,4.401,4.312,4.401,4.26,4.3069999999999995,4.374,4.183,4.119,3.884,4.041,4.041,4.16,4.109,4.016,4.202,4.207,4.386,4.2860000000000005,4.437,4.2330000000000005,4.172,4.184,4.121,4.2330000000000005,4.203,4.152,4.0280000000000005,3.997,3.9989999999999997,3.555,3.8089999999999997,3.68,3.804,3.804,3.943,4.006,4.098,3.925,4.016,4.038,3.861,3.932,3.91,3.915,3.906,3.702,3.719,3.623,3.498,3.4730000000000003,3.508,3.5239999999999996,3.503,3.305,3.3339999999999996,3.363,3.2439999999999998,3.24,3.1710000000000003,3.19,3.105,3.0860000000000003,3.0839999999999996,3.1239999999999997,3.076,2.9989999999999997,2.822,2.7689999999999997,2.807,2.6289999999999996,2.459,2.425,2.377,2.296,2.218,2.174,2.124,2.134,2.095,2.142,2.1919999999999997,2.161,2.2430000000000003,2.263,2.281,2.41,2.452,2.451,2.4530000000000003,2.438,2.4419999999999997,2.485,2.436,2.4090000000000003,2.37,2.311,2.338,2.302,2.3040000000000003,2.326,2.3080000000000003,2.278,2.293,2.278,2.273,2.2319999999999998,2.208,2.197,2.205,2.178,2.1790000000000003,2.194,2.1430000000000002,2.121,2.051,2.094,2.084,2.092,2.072,2.14,2.175,2.131
Denver,2.513,2.55,2.65,2.677,2.715,2.656,2.5639999999999996,2.532,2.459,2.548,2.506,2.492,2.563,2.5580000000000003,2.509,2.537,2.407,2.509,2.458,2.523,2.498,2.616,2.595,2.642,2.5380000000000003,2.63,2.5839999999999996,2.424,2.498,2.577,2.4419999999999997,2.488,2.3930000000000002,2.362,2.2430000000000003,2.2769999999999997,2.342,2.35,2.271,2.295,2.252,2.269,2.329,2.226,2.165,2.266,2.2359999999999998,2.296,2.306,2.319,2.3280000000000003,2.219,2.245,2.345,2.332,2.35,2.344,2.325,2.31,2.37,2.381,2.435,2.456,2.511,2.5380000000000003,2.5180000000000002,2.591,2.592,2.5180000000000002,2.526,2.444,2.5069999999999997,2.406,2.478,2.469,2.425,2.412,2.335,2.346,2.2680000000000002,2.217,2.209,2.153,2.146,2.1959999999999997,2.217,2.198,2.254,2.218,2.129,2.122,2.12,2.204,2.1590000000000003,2.155,2.293,2.299,2.238,2.245,2.226,2.201,2.099,2.093,2.114,2.082,2.138,2.12,2.043,2.07,2.141,2.029,1.995,2.0980000000000003,2.0780000000000003,2.065,2.123,2.1519999999999997,2.1430000000000002,2.115,2.168,2.149,2.155,2.103,2.0580000000000003,1.9669999999999999,1.985,1.923,1.8840000000000001,1.8769999999999998,1.935,1.886,1.89,1.858,1.798,1.7890000000000001,1.7169999999999999,1.669,1.704,1.67,1.6980000000000002,1.636,1.68,1.6569999999999998,1.652,1.556,1.5330000000000001,1.506,1.5230000000000001,1.5390000000000001
Detroit,6.64,6.6770000000000005,6.425,6.704,6.805,6.506,6.947,6.587000000000001,6.5489999999999995,6.502999999999999,6.502999999999999,6.67,6.232,7.773,6.596,5.815,5.814,6.495,5.669,5.65,6.596,6.596,6.757000000000001,6.784,6.797000000000001,6.797000000000001,6.587000000000001,6.6,6.598,7.225,7.545,7.547000000000001,7.151,7.486000000000001,7.537000000000001,7.235,7.045,6.189,6.162999999999999,6.077000000000001,6.83,7.112,6.037000000000001,5.93,5.195,5.048,4.955,4.938,5.047,5.254,5.727,5.692,5.983,5.77,5.672999999999999,5.178999999999999,5.159,5.568,5.433,5.2989999999999995,5.265,5.385,5.485,5.615,5.527,5.02,5.01,4.954,5.392,5.355,5.41,5.468999999999999,5.724,5.832000000000001,5.691,5.591,5.435,5.478,5.572,5.4479999999999995,5.419,5.36,5.372000000000001,5.4670000000000005,5.605,5.47,5.421,5.16,5.327000000000001,5.4239999999999995,5.441,5.494,5.13,4.883,4.888,4.98,5.003,4.768,4.32,4.332,4.379,4.396,4.334,4.13,4.041,4.0489999999999995,4.311,4.414,4.3180000000000005,4.306,4.305,4.322,4.474,4.51,4.383,4.34,4.328,4.298,4.273,4.2780000000000005,4.493,4.287,4.294,4.335,4.215,4.171,4.04,3.991,4.0,3.8989999999999996,3.763,3.705,3.752,3.7319999999999998,3.6639999999999997,3.265,3.342,3.247,3.4419999999999997,3.464,3.491,3.497,3.4189999999999996,3.4410000000000003,3.483,3.591,3.61,3.523,3.498
Houston,5.012,5.261,5.42,5.654,5.486000000000001,5.824,5.683,5.704,5.712999999999999,5.917000000000001,6.164,6.189,6.44,6.325,5.936,6.01,5.822,5.805,5.9510000000000005,6.197,6.081,6.005,6.093,5.965,5.858,5.598,5.4879999999999995,5.327999999999999,5.313,5.485,5.093,5.1160000000000005,4.96,4.771,5.005,4.605,4.894,4.717,4.624,4.829,4.859,4.9639999999999995,4.916,4.904,4.857,5.087,4.89,4.939,4.694,4.561,4.7139999999999995,4.3260000000000005,4.27,4.361000000000001,4.046,4.053999999999999,3.8480000000000003,4.309,4.372,4.42,4.419,4.7139999999999995,4.779,5.195,5.046,5.207000000000001,5.331,5.251,5.1770000000000005,5.229,5.1739999999999995,5.051,4.832,4.853,4.57,4.5169999999999995,4.388999999999999,4.34,4.336,4.32,4.138,4.091,4.085,3.8560000000000003,3.8169999999999997,3.638,3.472,3.346,3.235,3.2739999999999996,3.261,3.148,3.0639999999999996,2.955,2.9410000000000003,2.908,2.7960000000000003,2.687,2.786,2.611,2.615,2.591,2.53,2.498,2.4330000000000003,2.369,2.474,2.51,2.471,2.525,2.4819999999999998,2.49,2.537,2.529,2.52,2.501,2.497,2.54,2.531,2.553,2.545,2.443,2.374,2.363,2.278,2.267,2.263,2.262,2.189,2.222,2.235,2.191,2.039,2.024,1.953,1.96,1.9869999999999999,1.9769999999999999,1.96,1.933,1.913,1.8730000000000002,1.8619999999999999,1.893,1.889,1.8980000000000001,2.044,2.154,2.155
Indianapolis,3.853,4.018,4.171,4.328,4.0889999999999995,4.145,4.146,3.832,3.917,3.924,3.773,4.787,4.965,5.013,5.053999999999999,5.202999999999999,5.121,5.071000000000001,4.542,4.968999999999999,4.955,4.899,4.8,4.832,4.84,4.899,4.296,4.187,4.173,4.202,4.137,4.075,4.019,4.263999999999999,4.18,4.088,4.019,3.963,3.903,3.8089999999999997,3.676,3.627,3.573,3.5869999999999997,3.503,3.585,3.638,3.648,3.5210000000000004,3.602,3.571,3.576,3.487,3.335,3.491,3.458,3.486,3.54,3.383,3.3489999999999998,3.0869999999999997,3.278,3.319,3.451,3.347,3.362,3.32,3.495,3.563,3.5,3.642,3.648,3.7439999999999998,4.031000000000001,3.975,4.103,3.8930000000000002,3.9330000000000003,3.9810000000000003,3.95,3.9419999999999997,4.015,3.99,3.9019999999999997,3.884,3.813,3.5869999999999997,3.4539999999999997,3.135,3.2539999999999996,3.28,3.3169999999999997,3.202,2.95,2.83,2.877,2.8110000000000004,2.715,2.7880000000000003,2.9010000000000002,2.949,3.031,3.0180000000000002,3.0469999999999997,2.975,3.03,3.091,3.115,3.287,3.361,3.3710000000000004,3.345,3.383,3.3110000000000004,3.136,3.125,3.15,3.097,3.1180000000000003,3.0780000000000003,3.042,3.017,2.972,2.76,2.6910000000000003,2.602,2.5540000000000003,2.535,2.517,2.5140000000000002,2.468,2.472,2.519,2.419,2.403,2.3890000000000002,2.349,2.39,2.41,2.535,2.522,2.523,2.513,2.521,2.53,2.52,2.511,2.501,2.457
Jacksonville,1.758,1.78,1.5830000000000002,1.655,1.595,1.53,1.536,1.525,1.632,1.6769999999999998,1.791,2.0780000000000003,2.025,2.231,2.2880000000000003,2.296,2.36,2.3409999999999997,2.334,2.463,2.519,2.56,2.571,2.657,2.675,2.655,2.4859999999999998,2.495,2.549,2.533,2.552,2.5540000000000003,2.641,2.612,2.4859999999999998,2.648,2.568,2.623,2.544,2.515,2.573,2.551,2.479,2.476,2.386,2.335,2.307,2.245,2.242,2.279,2.074,2.1,2.026,1.984,1.913,1.8090000000000002,1.774,1.7619999999999998,1.659,1.784,1.841,1.749,1.754,1.7309999999999999,1.671,1.646,1.736,1.765,1.8769999999999998,1.945,2.009,2.04,2.089,2.158,2.117,2.086,2.174,2.177,2.241,2.283,2.283,2.213,2.181,2.149,2.1,2.068,2.074,2.04,1.975,1.974,2.041,2.09,2.12,2.122,2.068,2.048,2.0669999999999997,2.1069999999999998,2.025,2.049,2.052,2.048,2.145,2.201,2.2030000000000003,2.1519999999999997,2.1519999999999997,2.227,2.187,2.1959999999999997,2.217,2.168,2.126,2.246,2.228,2.276,2.307,2.239,2.3040000000000003,2.332,2.366,2.35,2.31,2.318,2.386,2.407,2.456,2.498,2.454,2.458,2.4290000000000003,2.404,2.403,2.335,2.312,2.252,2.278,2.211,2.229,2.191,2.156,2.214,2.188,2.177,2.149,2.146,2.177,2.195,2.2030000000000003
KansasCity,3.554,3.472,3.327,3.367,3.338,3.1830000000000003,3.2430000000000003,3.307,3.3339999999999996,3.082,3.358,3.3939999999999997,3.49,3.511,3.752,3.5669999999999997,3.721,4.053999999999999,3.839,3.793,3.8939999999999997,3.6460000000000004,3.602,3.5869999999999997,3.4939999999999998,3.1630000000000003,2.9939999999999998,2.9819999999999998,2.94,2.928,2.855,2.823,2.84,2.875,2.8489999999999998,2.926,3.054,2.946,2.938,2.8810000000000002,2.917,2.885,2.866,2.815,2.759,2.7910000000000004,2.8280000000000003,2.659,2.8080000000000003,2.89,2.758,2.608,2.665,2.6839999999999997,2.696,2.681,2.681,2.678,2.728,2.7969999999999997,2.925,2.9939999999999998,3.25,3.198,3.13,3.133,3.042,3.103,3.032,3.0839999999999996,3.159,3.2089999999999996,3.1689999999999996,3.1039999999999996,3.11,3.0010000000000003,2.8789999999999996,2.65,2.595,2.574,2.611,2.698,2.636,2.7039999999999997,2.5639999999999996,2.5580000000000003,2.481,2.536,2.6,2.595,2.609,2.59,2.627,2.595,2.575,2.545,2.525,2.501,2.4530000000000003,2.469,2.4659999999999997,2.3569999999999998,2.374,2.31,2.263,2.279,2.356,2.302,2.415,2.524,2.557,2.56,2.551,2.6039999999999996,2.6289999999999996,2.575,2.551,2.5,2.458,2.4219999999999997,2.414,2.327,2.3040000000000003,2.197,2.096,2.0069999999999997,1.964,1.972,1.903,1.8840000000000001,1.8980000000000001,1.91,1.869,1.886,1.7990000000000002,1.788,1.787,1.784,1.7409999999999999,1.841,1.831,1.824,1.893,1.963,2.008,1.996,1.9780000000000002,1.9780000000000002,2.021
LasVegas,1.7930000000000001,1.891,1.93,1.972,1.9240000000000002,2.0,1.851,1.8880000000000001,1.983,2.017,1.962,1.952,1.9580000000000002,1.929,1.9869999999999999,1.974,1.906,1.8840000000000001,1.936,1.9580000000000002,1.943,2.0069999999999997,2.005,2.039,2.04,2.057,2.031,2.0069999999999997,2.033,2.001,1.9709999999999999,1.996,2.001,1.939,1.8880000000000001,1.929,1.876,1.891,1.798,1.8,1.7919999999999998,1.839,1.834,1.882,1.882,1.881,1.903,1.845,1.9280000000000002,1.96,1.952,1.979,1.9569999999999999,1.952,1.933,1.893,1.86,1.8619999999999999,1.77,1.788,1.807,1.8419999999999999,1.865,1.778,1.7630000000000001,1.665,1.6380000000000001,1.636,1.714,1.693,1.702,1.699,1.695,1.719,1.6540000000000001,1.633,1.568,1.5959999999999999,1.5530000000000002,1.535,1.56,1.547,1.538,1.484,1.4609999999999999,1.4340000000000002,1.431,1.508,1.5619999999999998,1.599,1.581,1.5959999999999999,1.594,1.679,1.702,1.713,1.736,1.726,1.703,1.703,1.6869999999999998,1.6680000000000001,1.63,1.568,1.5590000000000002,1.589,1.5859999999999999,1.56,1.5319999999999998,1.5030000000000001,1.501,1.4780000000000002,1.51,1.511,1.5419999999999998,1.561,1.555,1.493,1.4780000000000002,1.489,1.4480000000000002,1.446,1.4280000000000002,1.421,1.412,1.409,1.4240000000000002,1.396,1.4080000000000001,1.382,1.3969999999999998,1.403,1.421,1.442,1.4269999999999998,1.454,1.446,1.47,1.476,1.5390000000000001,1.535,1.534,1.5090000000000001,1.483,1.4869999999999999,1.4869999999999999,1.504,1.5190000000000001,1.54
LosAngeles,7.5760000000000005,7.966,8.146,8.402999999999999,8.413,8.543,8.281,8.252,8.821,8.797,8.996,8.91,8.863,8.687000000000001,8.722000000000001,8.726,8.567,8.433,8.507,8.488999999999999,8.496,8.749,9.003,8.972999999999999,8.969,8.799,8.782,9.015,9.09,8.857000000000001,8.492,8.767999999999999,8.573,8.441,8.306000000000001,8.174,7.853,7.591,7.414,7.202999999999999,7.04,7.069,6.856,6.707000000000001,6.856,7.015,6.936,6.86,7.145,7.472,7.506,7.662999999999999,7.638,7.6610000000000005,7.689,7.696000000000001,7.547999999999999,7.426,7.468,7.066,7.216,7.08,7.372999999999999,6.724,6.29,6.115,5.822,5.898,5.864,5.771,5.827000000000001,5.776,5.712000000000001,5.752000000000001,5.811,5.6770000000000005,5.523,5.43,5.4670000000000005,5.504,5.607,5.676,5.625,5.642,5.562,5.399,5.431,5.403,5.334,5.308,5.153,5.225,5.178,5.167999999999999,5.102,5.032,4.933,4.963,4.829,4.874,4.812,4.761,4.803999999999999,4.814,4.829,4.816,4.686,4.61,4.55,4.556,4.593,4.577,4.441,4.465,4.336,4.337,4.265,4.118,4.04,3.945,3.9539999999999997,3.937,3.8539999999999996,3.864,3.8339999999999996,3.658,3.653,3.636,3.5210000000000004,3.571,3.502,3.4739999999999998,3.569,3.525,3.576,3.485,3.5410000000000004,3.5869999999999997,3.492,3.592,3.572,3.6310000000000002,3.596,3.67,3.685,3.6860000000000004,3.638,3.5439999999999996,3.64
Memphis,2.825,2.747,2.7260000000000004,2.826,2.945,3.236,3.549,3.721,3.8680000000000003,3.6660000000000004,3.685,3.739,3.694,3.634,3.503,3.486,3.6,3.7880000000000003,3.717,3.755,3.489,3.365,3.165,3.128,3.2260000000000004,3.2060000000000004,3.1689999999999996,3.157,3.1689999999999996,3.304,3.29,3.3310000000000004,3.2239999999999998,3.2230000000000003,3.17,3.147,3.105,3.0860000000000003,3.053,3.008,2.997,2.838,2.787,2.7030000000000003,2.5639999999999996,2.537,2.483,2.529,2.509,2.464,2.695,2.506,2.44,2.5,2.509,2.4730000000000003,2.7430000000000003,2.786,2.798,2.7710000000000004,2.7489999999999997,2.818,2.824,2.866,2.8819999999999997,2.6910000000000003,2.6069999999999998,2.695,2.695,2.673,2.713,2.44,2.285,2.3569999999999998,2.258,2.262,2.167,2.188,2.174,2.175,2.229,2.287,2.355,2.326,2.298,2.238,2.293,2.338,2.218,2.267,2.255,2.188,2.127,2.126,2.069,1.972,1.953,1.808,1.786,1.75,1.7819999999999998,1.7369999999999999,1.796,1.777,1.775,1.8219999999999998,1.8869999999999998,1.915,1.8980000000000001,1.922,1.979,2.026,2.009,2.036,2.039,2.04,2.072,2.02,2.04,2.089,2.049,1.985,1.982,1.974,1.985,1.975,1.921,1.944,1.954,1.9980000000000002,1.983,1.983,1.99,1.93,1.8940000000000001,1.909,1.91,1.97,1.972,1.9409999999999998,1.855,1.841,1.835,1.859,1.819,1.841,1.845,1.8769999999999998,1.954
Miami,1.608,1.6230000000000002,1.6119999999999999,1.6480000000000001,1.617,1.656,1.681,1.81,1.8519999999999999,1.9180000000000001,1.921,2.094,2.0580000000000003,2.06,1.9069999999999998,1.814,1.84,1.936,1.8840000000000001,1.999,2.01,1.989,1.994,1.962,1.929,1.9509999999999998,1.901,1.87,1.88,1.854,1.911,1.857,1.798,1.847,1.845,1.876,1.893,1.871,1.857,1.889,1.926,1.912,1.913,1.871,1.868,1.848,1.8769999999999998,1.837,1.796,1.7630000000000001,1.744,1.7109999999999999,1.665,1.625,1.6159999999999999,1.528,1.499,1.489,1.47,1.5030000000000001,1.444,1.415,1.3880000000000001,1.3659999999999999,1.328,1.2770000000000001,1.321,1.3119999999999998,1.3530000000000002,1.314,1.301,1.295,1.351,1.402,1.422,1.453,1.4909999999999999,1.518,1.5519999999999998,1.535,1.551,1.495,1.486,1.453,1.4669999999999999,1.449,1.462,1.422,1.399,1.361,1.392,1.368,1.3619999999999999,1.351,1.3530000000000002,1.3659999999999999,1.3840000000000001,1.42,1.452,1.43,1.479,1.452,1.515,1.521,1.525,1.518,1.515,1.581,1.558,1.581,1.5930000000000002,1.6119999999999999,1.599,1.601,1.605,1.5490000000000002,1.6030000000000002,1.53,1.569,1.599,1.66,1.68,1.6480000000000001,1.69,1.6780000000000002,1.7009999999999998,1.696,1.7169999999999999,1.7109999999999999,1.7009999999999998,1.7169999999999999,1.7269999999999999,1.739,1.724,1.72,1.651,1.6469999999999998,1.63,1.6230000000000002,1.6340000000000001,1.5930000000000002,1.608,1.5419999999999998,1.5230000000000001,1.508,1.515,1.4569999999999999,1.453,1.4580000000000002
Milwaukee,3.765,3.8280000000000003,3.577,3.6,3.51,3.5210000000000004,4.196000000000001,4.185,4.226,4.388999999999999,4.407,4.4639999999999995,4.311,4.276,4.354,4.3260000000000005,4.436,3.937,3.9960000000000004,4.1339999999999995,4.692,3.693,3.958,3.898,3.713,3.72,3.325,3.3489999999999998,3.3539999999999996,3.7119999999999997,3.728,3.695,4.015,3.944,3.925,3.572,3.4560000000000004,3.5839999999999996,3.614,3.82,3.7310000000000003,3.905,3.614,3.675,3.233,3.21,3.227,3.259,3.263,3.2769999999999997,3.55,3.782,3.556,3.438,3.3960000000000004,3.227,3.2030000000000003,3.303,3.03,3.055,3.05,3.1010000000000004,3.03,3.773,3.872,3.7060000000000004,3.57,3.5989999999999998,3.665,3.585,3.7,3.767,3.737,3.938,3.96,4.104,3.903,4.1160000000000005,3.367,3.1489999999999996,3.125,3.128,3.112,3.173,3.293,3.301,3.3289999999999997,3.4560000000000004,3.475,3.4530000000000003,3.3569999999999998,3.596,3.4360000000000004,3.3139999999999996,3.513,3.696,3.71,3.62,3.4739999999999998,3.477,3.4960000000000004,3.4360000000000004,3.301,3.292,3.4389999999999996,3.3139999999999996,3.406,3.502,3.57,3.535,3.345,3.4419999999999997,3.563,3.592,3.511,3.497,3.503,3.445,3.4019999999999997,3.365,3.388,3.282,3.2119999999999997,3.177,3.1839999999999997,3.148,2.9789999999999996,2.784,2.78,2.7960000000000003,2.7880000000000003,2.7510000000000003,2.8289999999999997,2.72,2.5180000000000002,2.5140000000000002,2.63,2.6519999999999997,2.577,2.781,2.955,2.948,3.029,2.963,2.912,2.948,2.9419999999999997,2.98,2.975
Minneapolis,2.062,2.189,2.138,2.435,2.386,2.525,2.5669999999999997,2.469,2.7460000000000004,2.551,2.5580000000000003,2.392,2.365,2.289,2.346,2.5180000000000002,2.44,2.362,2.093,2.145,1.945,2.017,2.325,2.114,2.186,2.129,2.1630000000000003,2.185,2.2230000000000003,2.3040000000000003,2.168,2.199,2.3080000000000003,2.391,2.324,2.4730000000000003,2.301,2.146,2.083,2.082,2.108,2.102,2.176,2.154,2.141,2.062,2.013,1.814,1.864,1.8530000000000002,1.85,1.9480000000000002,1.8419999999999999,1.965,1.906,1.922,1.9040000000000001,1.841,1.795,1.724,1.858,1.929,1.983,1.9340000000000002,1.95,1.933,1.8880000000000001,1.868,1.806,1.859,1.8630000000000002,1.8659999999999999,1.845,1.9140000000000001,2.002,1.88,1.7790000000000001,1.831,1.9780000000000002,2.103,2.1430000000000002,2.122,2.197,2.267,2.26,2.2880000000000003,2.327,2.426,2.439,2.344,2.349,2.426,2.355,2.27,2.222,2.305,2.483,2.491,2.5,2.46,2.511,2.41,2.3280000000000003,2.3480000000000003,2.416,2.4330000000000003,2.445,2.474,2.459,2.4659999999999997,2.3930000000000002,2.298,2.312,2.276,2.3169999999999997,2.31,2.266,2.273,2.198,2.207,2.169,2.195,2.1919999999999997,2.156,2.123,2.101,2.1,2.085,2.11,2.025,2.1590000000000003,2.22,2.227,2.306,2.345,2.291,2.262,2.222,2.184,2.251,2.378,2.3890000000000002,2.4,2.412,2.513,2.483,2.5,2.541,2.428
Nashville,3.1010000000000004,3.173,3.383,3.512,3.5610000000000004,3.77,3.733,3.727,3.8510000000000004,3.8560000000000003,3.737,3.932,3.736,4.071000000000001,4.022,3.9010000000000002,4.012,4.024,3.991,3.977,3.9939999999999998,4.103,3.909,3.8739999999999997,3.878,3.8810000000000002,3.806,3.826,3.822,3.759,3.747,3.6710000000000003,3.638,3.63,3.5380000000000003,3.446,3.326,3.342,3.449,3.431,3.4589999999999996,3.065,3.141,3.0989999999999998,3.0589999999999997,3.0580000000000003,3.092,2.885,2.863,3.113,3.0660000000000003,3.275,3.332,3.13,3.014,2.7960000000000003,2.895,2.738,2.613,2.6189999999999998,2.6510000000000002,2.7460000000000004,2.8819999999999997,2.8960000000000004,2.77,2.7460000000000004,2.656,2.7039999999999997,2.6710000000000003,2.815,2.975,2.968,3.04,3.278,3.105,3.153,3.115,3.109,3.145,3.221,3.182,3.0989999999999998,3.035,3.07,3.009,3.03,2.955,2.957,2.846,2.96,2.853,2.687,2.673,2.585,2.404,2.481,2.499,2.407,2.551,2.524,2.572,2.608,2.476,2.529,2.51,2.553,2.8080000000000003,2.8,2.824,2.7769999999999997,2.725,2.7039999999999997,2.7089999999999996,2.609,2.549,2.542,2.519,2.5980000000000003,2.549,2.577,2.526,2.391,2.3609999999999998,2.29,2.311,2.315,2.252,2.213,2.202,2.19,2.146,2.161,2.182,2.1590000000000003,2.088,2.046,2.073,2.081,2.07,2.029,1.976,1.955,1.942,1.9709999999999999,2.008,2.041,1.983,1.959,1.9880000000000002
NewOrleans,3.032,2.838,2.904,2.9419999999999997,2.9810000000000003,2.948,3.025,2.92,2.9360000000000004,2.997,2.9939999999999998,3.0780000000000003,3.1260000000000003,2.978,2.886,2.91,3.0980000000000003,3.138,3.111,3.1310000000000002,3.3,3.377,3.5460000000000003,3.614,3.6260000000000003,3.522,3.429,3.207,3.344,3.497,3.492,3.3960000000000004,3.299,3.33,3.159,3.029,2.984,2.884,2.75,2.7539999999999996,2.7560000000000002,2.7769999999999997,2.923,2.863,2.648,2.591,2.5869999999999997,2.511,2.681,2.815,2.845,2.728,2.767,2.62,2.548,2.42,2.314,2.329,2.39,2.374,2.388,2.388,2.38,2.147,2.1180000000000003,1.959,1.9909999999999999,1.9869999999999999,2.048,2.039,2.153,2.1830000000000003,2.123,2.049,2.089,2.065,2.037,2.031,2.0340000000000003,2.01,2.004,1.935,1.943,1.9369999999999998,1.9509999999999998,1.827,1.7590000000000001,1.756,1.696,1.629,1.639,1.673,1.666,1.6440000000000001,1.611,1.604,1.6130000000000002,1.611,1.614,1.578,1.68,1.7069999999999999,1.694,1.7180000000000002,1.715,1.733,1.73,1.765,1.8,1.818,1.806,1.801,1.756,1.755,1.729,1.7109999999999999,1.702,1.714,1.704,1.7409999999999999,1.74,1.6740000000000002,1.665,1.6019999999999999,1.61,1.5719999999999998,1.569,1.6030000000000002,1.6,1.635,1.6369999999999998,1.626,1.604,1.62,1.5530000000000002,1.5290000000000001,1.564,1.5419999999999998,1.5859999999999999,1.547,1.546,1.526,1.524,1.535,1.554,1.585,1.6130000000000002,1.601,1.62
NewYork,9.152000000000001,9.476,9.41,9.244,9.603,8.888,8.802,8.775,9.012,8.942,9.13,9.171,9.311,8.839,9.001,8.662,8.446,8.334,8.266,8.388,9.08,9.179,9.35,9.28,9.276,9.652999999999999,9.756,9.642999999999999,9.466000000000001,9.11,9.584,10.067,10.288,10.134,10.004,11.03,11.116,10.854000000000001,11.064,10.856,10.23,11.467,11.561,11.619000000000002,11.165,10.681,10.672,10.886,10.921,10.682,10.107999999999999,10.302,10.414000000000001,10.049,10.057,10.199,9.309,9.767999999999999,9.977,10.285,10.784,10.652000000000001,10.702,10.427999999999999,11.630999999999998,11.749,11.93,11.899000000000001,12.056,11.587,11.822000000000001,11.489,11.229000000000001,10.297,10.181000000000001,9.744,9.851,9.465,9.424,8.355,7.92,8.008,8.008,8.161,8.235,8.442,8.128,8.122,8.323,8.12,7.648,7.484,7.622999999999999,7.821000000000001,7.422999999999999,7.565,7.301,7.432,6.848,6.632000000000001,5.982,6.132999999999999,6.018,6.028,6.082999999999999,6.1610000000000005,6.0329999999999995,6.05,5.8870000000000005,5.93,6.381,6.507000000000001,6.412000000000001,6.66,6.732,6.625,6.4879999999999995,6.466,6.55,6.644,6.462000000000001,6.556,6.457999999999999,6.0329999999999995,5.98,5.5329999999999995,5.337999999999999,5.21,5.038,4.89,4.78,4.736000000000001,4.552,4.4719999999999995,4.216,4.052,3.948,3.8539999999999996,3.988,3.7569999999999997,3.8569999999999998,3.863,3.747,3.7460000000000004,3.83,3.842,3.866,3.8989999999999996,3.839
OklahomaCity,2.3890000000000002,2.439,2.47,2.506,2.425,2.49,2.636,2.753,2.7310000000000003,2.698,2.77,2.847,2.8160000000000003,2.875,2.807,2.721,2.639,2.633,2.5839999999999996,2.546,2.559,2.464,2.532,2.533,2.51,2.4930000000000003,2.571,2.5980000000000003,2.637,2.675,2.727,2.7710000000000004,2.7560000000000002,2.762,2.815,2.822,2.943,2.82,2.82,2.74,2.602,2.452,2.425,2.326,2.27,2.1959999999999997,2.127,2.055,2.23,2.239,2.109,2.081,2.089,2.181,2.26,2.299,2.175,2.195,2.151,2.175,2.1519999999999997,2.1959999999999997,2.22,2.056,2.006,2.125,2.0980000000000003,2.045,2.0340000000000003,2.045,2.072,2.056,2.019,2.125,2.151,2.181,2.17,2.151,2.187,2.171,2.147,2.259,2.3480000000000003,2.2680000000000002,2.3280000000000003,2.2230000000000003,2.2880000000000003,2.27,2.187,2.142,2.112,2.167,2.2,2.193,2.215,2.14,1.974,1.89,1.882,1.815,1.876,1.8219999999999998,1.8869999999999998,1.913,1.9409999999999998,1.966,1.9180000000000001,1.932,1.8719999999999999,1.912,1.9509999999999998,1.972,2.032,2.025,2.02,1.9969999999999999,2.012,1.992,1.9780000000000002,1.9580000000000002,1.935,1.8969999999999998,1.814,1.861,1.821,1.795,1.851,1.827,1.8330000000000002,1.8319999999999999,1.867,1.839,1.8,1.795,1.796,1.808,1.817,1.837,1.8090000000000002,1.774,1.735,1.6780000000000002,1.705,1.7380000000000002,1.755,1.77,1.7919999999999998,1.797,1.778
Orlando,2.5789999999999997,2.472,2.47,2.439,2.366,2.398,2.3680000000000003,2.535,2.551,2.576,2.539,2.8160000000000003,2.78,2.88,2.892,3.011,3.0989999999999998,3.031,3.053,3.134,3.1039999999999996,3.2110000000000003,3.185,3.279,3.205,3.25,3.176,3.159,3.181,3.089,2.9930000000000003,3.032,3.105,2.9810000000000003,2.8989999999999996,3.005,2.9019999999999997,2.978,2.911,2.873,2.819,2.696,2.68,2.7560000000000002,2.803,2.736,2.727,2.7039999999999997,2.7460000000000004,2.762,2.611,2.65,2.591,2.571,2.517,2.43,2.414,2.471,2.353,2.369,2.353,2.338,2.364,2.369,2.342,2.363,2.408,2.41,2.461,2.5860000000000003,2.6630000000000003,2.7110000000000003,2.718,2.698,2.6919999999999997,2.795,2.7539999999999996,2.727,2.7430000000000003,2.764,2.717,2.68,2.634,2.6210000000000004,2.495,2.457,2.405,2.339,2.373,2.377,2.352,2.351,2.435,2.51,2.452,2.478,2.477,2.495,2.444,2.4730000000000003,2.5069999999999997,2.5540000000000003,2.65,2.633,2.648,2.635,2.615,2.608,2.555,2.5839999999999996,2.573,2.5810000000000004,2.575,2.641,2.623,2.5869999999999997,2.61,2.52,2.5669999999999997,2.569,2.613,2.628,2.6439999999999997,2.63,2.6639999999999997,2.6889999999999996,2.6889999999999996,2.713,2.7119999999999997,2.725,2.7689999999999997,2.7319999999999998,2.733,2.717,2.715,2.6310000000000002,2.647,2.528,2.548,2.533,2.502,2.613,2.608,2.6010000000000004,2.58,2.5580000000000003,2.569,2.616,2.597
Philadelphia,8.187999999999999,8.254,8.224,8.057,8.008,7.781000000000001,7.697,7.75,8.017999999999999,8.039,7.968,7.867999999999999,7.864,7.787000000000001,7.712999999999999,7.4879999999999995,7.398,7.245,7.178999999999999,7.156000000000001,7.487,7.466,7.275,7.132000000000001,7.265,7.093999999999999,6.916,6.8629999999999995,6.939,6.962000000000001,7.195,7.322,7.417999999999999,7.303999999999999,7.756,7.662000000000001,7.638999999999999,7.643,7.7139999999999995,7.539,7.43,7.5729999999999995,7.495,7.54,7.211,7.017,6.937,7.138999999999999,7.223,6.82,6.922000000000001,6.825,6.818,6.814,6.76,6.837999999999999,6.5,6.865,7.037000000000001,7.186,7.136,7.106,7.063,6.795,6.9110000000000005,6.8420000000000005,6.872000000000001,6.904,6.888,7.051,7.252999999999999,7.681,7.432,6.962999999999999,7.32,7.16,7.067,7.207000000000001,7.412000000000001,7.3,6.928,6.832999999999999,6.805,6.832999999999999,6.761,6.5120000000000005,6.192,6.0329999999999995,6.143,5.69,5.625,5.631,5.196000000000001,4.9510000000000005,4.652,4.577,4.621,4.918,4.811,4.965,4.978,5.053,4.963,4.963,4.918,4.959,4.91,4.995,4.977,5.063,5.166,5.255,5.063,5.088,4.88,4.7,4.533,4.559,4.525,4.473,4.478,4.567,4.5569999999999995,4.29,4.231,4.18,3.932,3.7,3.668,3.55,3.447,3.444,3.3739999999999997,3.4360000000000004,3.4139999999999997,3.23,3.013,2.897,3.0180000000000002,2.99,3.023,3.013,2.991,2.9739999999999998,3.0210000000000004,3.0660000000000003,3.09,3.0860000000000003,3.008
Phoenix-Mesa,2.636,2.741,2.7239999999999998,2.875,2.891,2.937,2.957,3.035,3.1519999999999997,3.109,3.088,3.1719999999999997,3.148,3.202,3.2319999999999998,3.2760000000000002,3.275,3.221,3.188,3.16,3.1830000000000003,3.21,3.145,3.157,3.1239999999999997,3.114,3.069,3.0869999999999997,3.049,2.9560000000000004,2.8930000000000002,2.8,2.781,2.764,2.728,2.6460000000000004,2.5789999999999997,2.553,2.415,2.474,2.419,2.375,2.345,2.283,2.373,2.385,2.424,2.468,2.458,2.503,2.502,2.5639999999999996,2.5860000000000003,2.7260000000000004,2.661,2.594,2.574,2.574,2.596,2.52,2.478,2.513,2.488,2.49,2.423,2.362,2.314,2.261,2.252,2.24,2.229,2.229,2.22,2.219,2.174,2.2,2.164,2.224,2.256,2.27,2.294,2.3,2.3209999999999997,2.2880000000000003,2.32,2.371,2.375,2.412,2.444,2.474,2.468,2.464,2.463,2.454,2.484,2.467,2.489,2.4330000000000003,2.4419999999999997,2.416,2.367,2.345,2.333,2.3169999999999997,2.343,2.362,2.363,2.314,2.298,2.285,2.2430000000000003,2.218,2.2230000000000003,2.213,2.251,2.286,2.274,2.214,2.142,2.127,2.103,2.1,2.086,2.049,2.01,2.013,1.9869999999999999,1.996,1.98,1.94,1.959,1.9469999999999998,1.9580000000000002,1.9969999999999999,1.999,1.969,1.956,1.936,1.9509999999999998,2.029,2.106,2.1590000000000003,2.1430000000000002,2.1109999999999998,2.0980000000000003,2.0580000000000003,2.057,2.059,2.061
Pittsburgh,6.257000000000001,6.23,6.242000000000001,6.162000000000001,6.367999999999999,6.676,6.692,6.877000000000001,6.955,6.835,6.834,7.1370000000000005,6.952999999999999,7.6770000000000005,7.277,7.69,7.9510000000000005,7.864,7.893,7.7829999999999995,6.005,5.954,5.207000000000001,5.917000000000001,5.917000000000001,5.871,5.675,5.598,5.357,5.513,5.4879999999999995,5.4879999999999995,5.11,5.332000000000001,5.356,5.471,5.936,6.05,5.702999999999999,5.704,5.871,5.992999999999999,5.525,5.523,4.978,4.995,4.945,4.97,4.8,4.881,5.0,4.6,4.46,4.303,4.079,3.9139999999999997,3.806,3.862,3.905,4.087,4.459,4.558,4.481,4.573,4.486000000000001,4.388,4.324,4.333,4.703,5.032,5.202999999999999,5.653,5.7139999999999995,5.7010000000000005,5.3839999999999995,5.351,5.332999999999999,5.358,5.361000000000001,5.212000000000001,5.187,5.143,5.1610000000000005,5.0089999999999995,4.928,4.638999999999999,4.324,4.218999999999999,4.23,4.202,4.001,3.875,3.64,3.498,3.63,3.679,3.594,3.69,3.6660000000000004,3.687,3.693,3.773,3.761,3.685,3.6919999999999997,3.59,3.7110000000000003,3.9210000000000003,3.9760000000000004,3.8760000000000003,3.892,3.944,3.8160000000000003,3.813,3.804,3.792,3.7430000000000003,3.7289999999999996,3.7289999999999996,3.639,3.694,3.7569999999999997,3.748,3.582,3.522,3.3539999999999996,3.207,3.1689999999999996,3.102,2.972,2.935,2.9210000000000003,2.912,2.909,2.826,2.697,2.574,2.521,2.602,2.653,2.698,2.6639999999999997,2.6180000000000003,2.625,2.6,2.5980000000000003,2.575,2.552,2.548
Portland,1.515,1.525,1.472,1.4780000000000002,1.469,1.475,1.54,1.764,1.7719999999999998,1.797,1.797,1.7619999999999998,1.835,1.726,1.673,1.3630000000000002,1.534,1.819,1.864,1.9969999999999999,1.9680000000000002,2.129,1.982,2.0869999999999997,2.0869999999999997,2.042,2.073,2.073,2.07,2.278,2.1630000000000003,2.1,2.013,2.016,1.96,1.984,1.94,1.995,1.8019999999999998,1.77,1.791,1.787,1.811,1.825,1.713,1.626,1.662,1.6269999999999998,1.52,1.4980000000000002,1.449,1.4040000000000001,1.43,1.56,1.5759999999999998,1.6440000000000001,1.64,1.679,1.6540000000000001,1.6740000000000002,1.7280000000000002,1.661,1.6540000000000001,1.704,1.7069999999999999,1.732,1.7409999999999999,1.7619999999999998,1.7469999999999999,1.755,1.692,1.7209999999999999,1.669,1.686,1.6669999999999998,1.725,1.788,1.841,1.835,1.818,1.788,1.774,1.776,1.831,1.899,1.9469999999999998,1.9069999999999998,1.909,1.8769999999999998,1.8030000000000002,1.758,1.751,1.672,1.673,1.655,1.6569999999999998,1.639,1.611,1.614,1.604,1.493,1.485,1.456,1.4880000000000002,1.5930000000000002,1.5930000000000002,1.591,1.608,1.669,1.643,1.643,1.6469999999999998,1.614,1.595,1.5319999999999998,1.5830000000000002,1.5619999999999998,1.587,1.574,1.5959999999999999,1.591,1.584,1.6019999999999999,1.536,1.5319999999999998,1.5430000000000001,1.551,1.568,1.545,1.5830000000000002,1.608,1.662,1.636,1.682,1.63,1.6159999999999999,1.633,1.639,1.6669999999999998,1.7519999999999998,1.744,1.851,1.864,1.8359999999999999,1.8359999999999999,1.7890000000000001,1.791,1.801,1.7369999999999999
Raleigh,2.826,2.964,3.013,3.1430000000000002,3.263,3.428,3.489,3.4760000000000004,3.69,3.864,3.792,3.819,3.88,3.846,4.065,4.124,4.19,4.1930000000000005,4.3580000000000005,4.436,4.478,4.539,4.561,4.489,4.2860000000000005,4.332,4.2780000000000005,4.103,4.105,4.013,4.053999999999999,3.9530000000000003,3.9989999999999997,3.877,3.775,3.7089999999999996,3.674,3.577,3.4139999999999997,3.4810000000000003,3.429,3.292,3.3169999999999997,3.303,3.1189999999999998,3.0789999999999997,3.017,2.927,2.8539999999999996,2.9539999999999997,2.92,2.826,2.728,2.884,2.825,2.855,2.847,2.8489999999999998,2.813,2.859,2.945,2.839,2.8810000000000002,2.8480000000000003,2.728,2.77,2.8560000000000003,2.7260000000000004,2.551,2.807,2.764,2.891,2.8110000000000004,2.883,3.0069999999999997,2.88,3.022,2.969,2.9419999999999997,2.9360000000000004,2.8369999999999997,2.7969999999999997,2.87,2.804,2.583,2.531,2.4530000000000003,2.3930000000000002,2.318,2.117,2.096,2.073,2.074,2.1,2.08,2.028,1.993,1.959,1.9609999999999999,2.017,1.935,1.994,1.953,1.9809999999999999,1.949,2.03,2.085,2.08,2.024,1.966,1.983,1.939,1.9909999999999999,1.995,1.966,2.0869999999999997,2.062,2.141,2.101,2.102,2.068,2.0580000000000003,2.0180000000000002,2.045,2.102,2.094,2.137,2.092,2.115,2.07,2.085,2.07,2.008,2.001,1.986,1.919,1.9069999999999998,1.892,1.9280000000000002,1.885,2.015,1.992,2.019,1.9580000000000002,2.04,2.025,2.043,2.077,2.081
SaintLouis,3.3689999999999998,3.372,3.3489999999999998,3.4619999999999997,3.359,3.43,3.429,3.2689999999999997,3.4619999999999997,3.263,3.303,3.283,3.167,3.0460000000000003,3.185,3.37,3.824,3.9410000000000003,3.8680000000000003,4.006,3.9930000000000003,4.004,4.019,4.023,4.279,4.176,4.109,4.175,4.27,4.216,4.061,3.928,3.917,3.8960000000000004,4.032,3.9810000000000003,4.007,4.043,3.9619999999999997,3.802,3.895,3.7889999999999997,3.685,3.469,3.488,3.53,3.687,3.4,3.4360000000000004,3.466,3.7310000000000003,3.668,3.602,3.7319999999999998,3.787,3.6689999999999996,3.7689999999999997,3.7239999999999998,3.716,3.825,3.8169999999999997,3.779,3.929,4.1160000000000005,4.019,3.7539999999999996,3.733,3.748,3.6660000000000004,3.622,3.7510000000000003,3.6289999999999996,3.577,3.55,3.3569999999999998,3.323,3.2969999999999997,3.367,3.1439999999999997,3.235,3.299,3.233,3.145,3.114,3.3680000000000003,3.312,3.41,3.484,3.514,3.4419999999999997,3.4160000000000004,3.3680000000000003,3.264,3.239,3.114,3.0660000000000003,3.154,3.137,3.145,2.906,2.947,2.845,2.75,2.719,2.7119999999999997,2.734,2.733,2.798,2.785,2.839,2.9339999999999997,2.89,2.863,2.8089999999999997,2.752,2.7239999999999998,2.7030000000000003,2.76,2.656,2.6430000000000002,2.608,2.569,2.4930000000000003,2.4419999999999997,2.383,2.2680000000000002,2.2359999999999998,2.208,2.188,2.191,2.186,2.231,2.141,2.1630000000000003,2.0980000000000003,2.125,2.113,2.083,2.095,2.093,2.025,2.037,2.057,2.061,2.0580000000000003,2.085,2.089,2.101,2.147
SaltLakeCity,2.519,2.627,2.541,2.525,2.615,2.5580000000000003,2.437,2.549,2.477,2.5980000000000003,2.542,2.344,2.359,2.373,2.128,2.244,2.169,2.253,2.214,2.18,2.135,2.238,2.3169999999999997,2.336,2.209,2.201,2.2,2.184,2.157,2.125,1.9780000000000002,1.942,1.92,1.9569999999999999,1.9609999999999999,2.103,2.2230000000000003,2.081,2.032,2.069,2.103,2.105,2.156,2.079,2.115,2.121,2.235,2.1519999999999997,2.229,2.225,2.022,1.811,1.767,1.791,1.5530000000000002,1.5490000000000002,1.588,1.5590000000000002,1.635,1.666,1.7080000000000002,1.685,1.663,1.6159999999999999,1.625,1.6769999999999998,1.666,1.838,1.825,1.8969999999999998,1.966,1.9709999999999999,1.946,1.9469999999999998,1.902,1.9369999999999998,1.965,2.006,2.015,1.9780000000000002,1.976,2.039,1.942,1.943,1.9469999999999998,1.892,1.796,1.807,1.827,1.8559999999999999,1.831,1.808,1.8530000000000002,1.831,1.8619999999999999,1.838,1.743,1.7280000000000002,1.7619999999999998,1.7109999999999999,1.702,1.696,1.714,1.633,1.6540000000000001,1.604,1.6119999999999999,1.544,1.55,1.5519999999999998,1.525,1.5390000000000001,1.5419999999999998,1.5019999999999998,1.4980000000000002,1.469,1.5730000000000002,1.548,1.5859999999999999,1.59,1.607,1.57,1.571,1.571,1.534,1.554,1.5530000000000002,1.5319999999999998,1.56,1.5759999999999998,1.578,1.4680000000000002,1.4340000000000002,1.413,1.3769999999999998,1.3880000000000001,1.37,1.339,1.317,1.3840000000000001,1.338,1.347,1.446,1.479,1.4280000000000002,1.3940000000000001,1.4,1.4140000000000001,1.464
SanAntonio,2.978,2.946,2.9989999999999997,3.0780000000000003,3.051,2.983,3.008,3.1519999999999997,3.116,3.3480000000000003,3.513,3.388,3.423,3.418,3.312,3.262,3.3169999999999997,3.239,3.2030000000000003,3.345,3.4330000000000003,3.3,3.302,3.325,3.173,3.085,3.0839999999999996,2.986,2.944,2.985,2.917,2.8539999999999996,2.949,2.918,2.8139999999999996,2.6639999999999997,2.77,2.622,2.594,2.505,2.458,2.53,2.476,2.524,2.469,2.505,2.48,2.379,2.4730000000000003,2.471,2.468,2.454,2.4459999999999997,2.533,2.511,2.553,2.49,2.661,2.633,2.818,2.764,2.88,2.951,2.943,2.9419999999999997,2.964,2.898,2.958,2.8539999999999996,2.858,2.82,2.8369999999999997,2.635,2.613,2.464,2.497,2.392,2.3609999999999998,2.266,2.2430000000000003,2.249,2.251,2.22,2.22,2.226,2.187,2.1390000000000002,2.074,2.056,2.082,2.072,2.125,2.125,2.086,2.051,1.992,1.939,1.88,1.837,1.7930000000000001,1.824,1.814,1.791,1.797,1.774,1.764,1.7409999999999999,1.831,1.8730000000000002,1.936,1.935,1.9469999999999998,2.03,2.022,2.033,1.9880000000000002,2.031,2.084,2.1109999999999998,2.105,2.136,2.144,2.053,2.049,2.022,2.003,2.013,1.875,1.89,1.913,1.92,1.883,1.764,1.683,1.6769999999999998,1.599,1.643,1.604,1.619,1.5519999999999998,1.569,1.501,1.524,1.4780000000000002,1.551,1.635,1.656,1.723,1.726
SanDiego,2.912,2.966,2.9810000000000003,2.9930000000000003,2.923,2.9530000000000003,2.891,2.9339999999999997,3.0389999999999997,3.069,3.1039999999999996,3.138,3.1710000000000003,3.298,3.4589999999999996,3.523,3.47,3.495,3.553,3.656,3.655,3.728,3.6460000000000004,3.656,3.719,3.61,3.6439999999999997,3.533,3.41,3.326,3.208,3.227,3.122,3.0869999999999997,2.9739999999999998,2.977,2.9419999999999997,2.949,2.862,2.844,2.819,2.7880000000000003,2.7889999999999997,2.7089999999999996,2.69,2.728,2.736,2.798,2.815,2.822,2.775,2.6310000000000002,2.61,2.61,2.612,2.628,2.559,2.603,2.657,2.638,2.642,2.591,2.555,2.406,2.298,2.276,2.323,2.2840000000000003,2.269,2.184,2.177,2.153,2.0709999999999997,2.04,2.01,2.039,2.011,2.013,2.073,2.122,2.173,2.135,2.221,2.207,2.168,2.162,2.18,2.173,2.194,2.199,2.145,2.131,2.137,2.138,2.121,2.075,2.056,2.003,1.9909999999999999,2.01,1.985,1.9869999999999999,2.006,2.051,2.05,2.055,2.061,2.028,1.966,1.969,1.963,1.974,1.9569999999999999,1.962,1.95,1.945,1.9180000000000001,1.859,1.78,1.743,1.704,1.76,1.766,1.7590000000000001,1.7269999999999999,1.6969999999999998,1.6840000000000002,1.645,1.597,1.639,1.6340000000000001,1.646,1.68,1.6769999999999998,1.69,1.675,1.626,1.614,1.62,1.6230000000000002,1.619,1.672,1.663,1.67,1.6280000000000001,1.631,1.617,1.59,1.6340000000000001
SanFrancisco-SanJose,3.071,3.3169999999999997,3.654,4.001,4.395,4.356,4.562,4.752,5.254,5.106,4.947,4.797,4.691,4.426,4.388,4.431,4.4,4.268,4.329,4.263,4.398,4.412,4.413,4.268,4.203,4.236000000000001,4.223,4.232,4.325,4.212,4.101,4.127,3.9560000000000004,3.892,3.9130000000000003,3.784,3.8110000000000004,3.654,3.725,3.792,3.625,3.602,3.565,3.533,3.5639999999999996,3.5580000000000003,3.5260000000000002,3.647,3.674,3.553,3.4730000000000003,3.387,3.3280000000000003,3.241,3.188,3.301,3.261,3.233,3.2539999999999996,3.0660000000000003,3.128,3.025,2.78,2.521,2.594,2.701,2.7110000000000003,2.654,2.63,2.628,2.605,2.6310000000000002,2.659,2.472,2.524,2.476,2.501,2.582,2.499,2.396,2.345,2.332,2.315,2.275,2.214,2.184,2.161,2.166,2.182,2.189,2.1519999999999997,2.228,2.275,2.3369999999999997,2.31,2.342,2.302,2.323,2.3280000000000003,2.358,2.372,2.405,2.365,2.3169999999999997,2.281,2.298,2.141,2.055,2.072,2.081,2.0669999999999997,2.097,2.0540000000000003,2.076,2.046,2.026,1.9369999999999998,1.911,1.9080000000000001,1.8840000000000001,1.811,1.841,1.868,1.827,1.804,1.742,1.679,1.696,1.632,1.643,1.645,1.681,1.68,1.6469999999999998,1.6869999999999998,1.729,1.7009999999999998,1.6969999999999998,1.702,1.693,1.742,1.729,1.709,1.729,1.7009999999999998,1.6569999999999998,1.646,1.626,1.6230000000000002
Seattle,3.237,3.395,3.458,3.466,3.509,3.576,3.845,4.343,4.454,4.468999999999999,4.481,4.548,4.684,4.7,4.657,4.46,4.1930000000000005,4.074,4.051,4.232,3.928,3.795,3.2880000000000003,4.063,4.063,4.13,4.107,4.1,4.1,4.857,4.776,4.988,5.275,5.428,5.412999999999999,5.4079999999999995,5.166,5.215,4.504,4.436,4.4110000000000005,4.387,4.202,4.0169999999999995,3.0980000000000003,3.114,3.2430000000000003,2.995,3.088,3.2739999999999996,3.5010000000000003,3.554,3.6839999999999997,3.734,3.656,3.838,3.9960000000000004,4.113,4.232,4.202,4.045,3.951,3.83,3.728,3.642,3.685,3.719,3.713,3.6510000000000002,3.582,3.49,3.392,3.283,3.2889999999999997,3.32,3.492,3.51,3.5789999999999997,3.557,3.54,3.5069999999999997,3.4210000000000003,3.383,3.465,3.514,3.428,3.345,3.2089999999999996,3.195,3.1830000000000003,3.0989999999999998,3.176,2.91,2.908,2.895,2.866,2.822,2.6430000000000002,2.532,2.475,2.155,2.215,2.396,2.511,2.476,2.356,2.339,2.512,2.529,2.476,2.487,2.492,2.51,2.4730000000000003,2.414,2.66,2.533,2.474,2.43,2.469,2.539,2.5639999999999996,2.576,2.574,2.595,2.5980000000000003,2.572,2.557,2.585,2.6430000000000002,2.529,2.58,2.6289999999999996,2.594,2.6239999999999997,2.702,2.612,2.61,2.5869999999999997,2.6289999999999996,2.5869999999999997,2.753,2.7960000000000003,2.803,2.81,2.8169999999999997,2.835,2.823,2.812
Spokane,1.238,1.285,1.24,1.2209999999999999,1.195,1.092,1.048,0.95,0.955,0.953,0.963,0.9570000000000001,0.972,0.982,0.789,0.813,0.8190000000000001,0.838,0.883,0.8759999999999999,0.873,0.8759999999999999,0.8170000000000001,0.855,0.889,0.9259999999999999,0.93,0.932,0.91,0.9129999999999999,0.9209999999999999,0.9009999999999999,0.9109999999999999,0.895,0.883,0.8590000000000001,0.845,0.86,0.8640000000000001,0.847,0.7959999999999999,0.8009999999999999,0.795,0.779,0.768,0.8059999999999999,0.8290000000000001,0.853,0.8909999999999999,0.883,0.925,0.973,0.925,0.8909999999999999,0.9309999999999999,0.927,0.895,0.9059999999999999,0.919,0.9420000000000001,0.893,0.919,0.903,0.8809999999999999,0.893,0.861,0.8440000000000001,0.865,0.9,0.86,0.853,0.903,0.8959999999999999,0.905,0.885,0.914,0.862,0.873,0.862,0.838,0.802,0.8340000000000001,0.894,0.888,0.868,0.8959999999999999,0.895,0.9109999999999999,0.904,0.919,0.9359999999999999,0.955,0.9420000000000001,0.9309999999999999,0.9540000000000001,1.0,0.9940000000000001,0.99,0.9209999999999999,0.9129999999999999,0.8959999999999999,0.8959999999999999,0.965,0.968,0.972,1.047,1.057,1.087,1.088,1.126,1.109,1.117,1.0859999999999999,1.149,1.146,1.183,1.1740000000000002,1.1420000000000001,1.181,1.202,1.178,1.171,1.153,1.169,1.15,1.169,1.14,1.165,1.1440000000000001,1.186,1.177,1.1909999999999998,1.22,1.225,1.2,1.2229999999999999,1.2930000000000001,1.375,1.393,1.3330000000000002,1.315,1.345,1.383,1.38,1.365,1.338,1.3459999999999999,1.338,1.318
Tampa,1.797,1.6840000000000002,1.7830000000000001,1.8840000000000001,1.892,1.965,1.9169999999999998,2.0469999999999997,2.074,2.136,2.103,2.323,2.313,2.52,2.5660000000000003,2.592,2.676,2.569,2.608,2.741,2.728,2.813,2.79,2.7939999999999996,2.77,2.745,2.665,2.636,2.6,2.562,2.549,2.441,2.469,2.403,2.34,2.381,2.319,2.2880000000000003,2.249,2.171,2.198,2.122,2.0909999999999997,2.13,2.1,2.052,2.06,2.049,2.023,1.9980000000000002,1.984,2.02,2.013,1.9880000000000002,1.969,1.902,1.885,1.871,1.776,1.794,1.77,1.775,1.778,1.7790000000000001,1.765,1.642,1.692,1.75,1.7790000000000001,1.79,1.8159999999999998,1.854,1.919,1.8969999999999998,1.8980000000000001,1.944,1.912,1.903,1.9469999999999998,1.9569999999999999,1.9969999999999999,1.972,1.9080000000000001,1.919,1.8769999999999998,1.8659999999999999,1.8030000000000002,1.8119999999999998,1.82,1.806,1.8019999999999998,1.797,1.8130000000000002,1.8330000000000002,1.81,1.801,1.7790000000000001,1.787,1.7530000000000001,1.7790000000000001,1.788,1.8430000000000002,1.9069999999999998,1.9080000000000001,1.913,1.857,1.8719999999999999,1.892,1.825,1.838,1.871,1.89,1.889,1.9140000000000001,1.9409999999999998,1.9580000000000002,1.98,1.9,1.936,1.983,2.081,2.096,2.106,2.1319999999999997,2.146,2.13,2.142,2.17,2.195,2.1919999999999997,2.185,2.191,2.1590000000000003,2.162,2.09,2.0340000000000003,2.0380000000000003,1.994,1.976,1.982,1.9880000000000002,2.082,2.079,2.074,2.0380000000000003,2.0140000000000002,1.9809999999999999,2.0669999999999997,2.082
WashingtonD.C.,5.882000000000001,6.108,6.0,6.05,6.141,6.072,5.9079999999999995,6.098,6.182,6.435,6.285,6.1739999999999995,6.1370000000000005,6.212000000000001,6.364,6.409,6.33,6.379,6.3839999999999995,6.381,6.5889999999999995,6.651,6.465,6.419,6.416,7.112,6.847,6.831,7.044,6.994,6.947,7.021,7.035,7.04,7.035,7.031000000000001,7.0489999999999995,6.832999999999999,6.867999999999999,6.827999999999999,6.636,6.877000000000001,6.441,5.841,5.7379999999999995,5.912999999999999,5.8020000000000005,5.835,5.435,5.492000000000001,5.638999999999999,5.351,5.515,5.372999999999999,5.211,4.916,4.708,5.051,5.166,5.151,5.268,5.09,5.141,5.218,5.218,5.122000000000001,5.183,5.271,5.47,5.499,5.932,6.311,6.315,6.119,6.182,5.955,5.89,5.9239999999999995,6.021,5.952000000000001,5.761,5.577000000000001,5.435,5.34,5.417999999999999,5.066,4.8180000000000005,4.468,4.371,3.9819999999999998,3.864,3.8089999999999997,3.523,3.18,3.156,3.141,3.15,3.214,3.333,3.4219999999999997,3.5460000000000003,3.804,3.946,4.0089999999999995,3.952,4.03,4.044,4.09,4.131,4.1739999999999995,4.265,4.218999999999999,4.055,3.9739999999999998,3.92,3.7060000000000004,3.509,3.492,3.465,3.388,3.4219999999999997,3.344,3.3289999999999997,3.258,3.22,3.09,3.093,3.009,2.923,2.7430000000000003,2.7039999999999997,2.713,2.634,2.741,2.733,2.582,2.582,2.536,2.515,2.516,2.539,2.449,2.497,2.509,2.56,2.597,2.594,2.62,2.488
