,FIPS,1/22/20,1/23/20,1/24/20,1/25/20,1/26/20,1/27/20,1/28/20,1/29/20,1/30/20,1/31/20,2/1/20,2/2/20,2/3/20,2/4/20,2/5/20,2/6/20,2/7/20,2/8/20,2/9/20,2/10/20,2/11/20,2/12/20,2/13/20,2/14/20,2/15/20,2/16/20,2/17/20,2/18/20,2/19/20,2/20/20,2/21/20,2/22/20,2/23/20,2/24/20,2/25/20,2/26/20,2/27/20,2/28/20,2/29/20,3/1/20,3/2/20,3/3/20,3/4/20,3/5/20,3/6/20,3/7/20,3/8/20,3/9/20,3/10/20,3/11/20,3/12/20,3/13/20,3/14/20,3/15/20,3/16/20,3/17/20,3/18/20,3/19/20,3/20/20,3/21/20,3/22/20,3/23/20,3/24/20,3/25/20,3/26/20,3/27/20,3/28/20,3/29/20,3/30/20,3/31/20,4/1/20,4/2/20,4/3/20,4/4/20,4/5/20,4/6/20,4/7/20,4/8/20,4/9/20,4/10/20,4/11/20,4/12/20,4/13/20,4/14/20,4/15/20,4/16/20,4/17/20,4/18/20,4/19/20,4/20/20,4/21/20,4/22/20,4/23/20,4/24/20,4/25/20,4/26/20,4/27/20,4/28/20,4/29/20,4/30/20,5/1/20,5/2/20,5/3/20,5/4/20,5/5/20,5/6/20,5/7/20,5/8/20,5/9/20,5/10/20,5/11/20,5/12/20,5/13/20,5/14/20,5/15/20,5/16/20,5/17/20,5/18/20,5/19/20,5/20/20,5/21/20,5/22/20,5/23/20,5/24/20,5/25/20
0,17031,0,0,1,1,1,1,1,1,1,2,2,2,2,2,2,2,2,2,2,2,2,2,2,2,2,2,2,2,2,2,2,2,2,2,2,2,2,2,2,3,4,4,4,5,5,6,7,7,11,22,27,40,50,50,62,107,178,278,278,548,805,922,1194,1418,1418,2239,2613,3445,3727,4496,5152,5575,6111,7439,8034,8728,9509,10520,11415,12472,13417,14585,15474,16323,17306,18087,19391,20395,21272,22101,23181,24546,25811,27616,29058,30574,31953,33449,34880,36513,38668,40227,42324,43715,45223,46689,48341,50236,51674,52655,53381,55470,56406,58457,59905,61212,62218,63690,64691,66213,67551,68949,70417,72010,73097
1,17197,0,0,0,0,0,0,0,0,0,0,0,0,0,0,0,0,0,0,0,0,0,0,0,0,0,0,0,0,0,0,0,0,0,0,0,0,0,0,0,0,0,0,0,0,0,0,0,0,0,0,0,0,0,0,1,2,3,9,9,12,21,24,28,40,40,104,127,182,223,228,322,384,455,582,648,697,840,914,1010,1077,1126,1228,1283,1350,1433,1494,1566,1603,1643,1692,1736,1820,1885,2009,2060,2126,2173,2254,2369,2492,2617,2796,2868,3066,3150,3332,3434,3561,3636,3684,3740,3896,3973,4090,4277,4312,4388,4455,4560,4694,4797,4929,5012,5117,5188
2,17043,0,0,0,0,0,0,0,0,0,0,0,0,0,0,0,0,0,0,0,0,0,0,0,0,0,0,0,0,0,0,0,0,0,0,0,0,0,0,0,0,0,0,0,0,0,0,0,0,0,0,0,0,1,1,1,26,45,54,54,65,79,95,103,131,131,199,202,274,320,356,392,448,500,590,656,715,795,875,943,1008,1048,1162,1223,1312,1386,1463,1560,1642,1695,1761,1864,1947,2047,2219,2311,2443,2628,2736,2870,3081,3256,3432,3611,3803,3918,4056,4213,4374,4493,4603,4745,5121,5244,5453,5634,5780,5904,6076,6171,6308,6471,6744,6891,7060,7207
3,01073,0,0,0,0,0,0,0,0,0,0,0,0,0,0,0,0,0,0,0,0,0,0,0,0,0,0,0,0,0,0,0,0,0,0,0,0,0,0,0,0,0,0,0,0,0,0,0,0,0,0,0,1,1,5,17,21,25,34,50,61,71,86,91,129,159,177,195,245,254,270,292,314,351,373,416,423,457,479,507,536,579,597,612,620,625,634,651,671,682,688,698,726,778,797,797,839,839,861,880,886,929,946,969,992,1020,1048,1065,1094,1109,1121,1131,1153,1199,1237,1258,1299,1333,1355,1367,1433,1453,1498,1573,1614,1630
4,26161,0,0,0,0,0,0,0,0,0,0,0,0,0,0,0,0,0,0,0,0,0,0,0,0,0,0,0,0,0,0,0,0,0,0,0,0,0,0,0,0,0,0,0,0,0,0,0,0,0,0,0,3,3,4,7,7,7,14,16,29,35,42,50,72,92,150,185,233,266,305,401,438,477,501,518,539,559,610,637,659,685,716,736,772,798,826,855,870,870,878,900,912,960,974,1002,1001,1004,1033,1049,1075,1091,1101,1113,1118,1123,1129,1140,1160,1176,1182,1192,1206,1210,1231,1236,1241,1242,1245,1251,1261,1265,1275,1282,1294,1298
5,26163,0,0,0,0,0,0,0,0,0,0,0,0,0,0,0,0,0,0,0,0,0,0,0,0,0,0,0,0,0,0,0,0,0,0,0,0,0,0,0,0,0,0,0,0,0,0,0,0,0,1,1,2,6,8,14,14,23,44,67,102,477,638,876,1122,1389,1810,2316,2704,3195,3735,4470,5069,6096,6762,7518,8270,9045,9626,10093,10539,10951,11164,11648,12209,12544,12544,13233,13471,13692,13912,13912,14561,14994,15407,15407,15748,15872,16173,16494,16729,16970,17106,17298,17314,17391,17571,17667,17824,17960,18075,18194,18274,18389,18770,18882,19016,19065,19128,19292,19432,19538,19602,19697,19771,19816
6,36029,0,0,0,0,0,0,0,0,0,0,0,0,0,0,0,0,0,0,0,0,0,0,0,0,0,0,0,0,0,0,0,0,0,0,0,0,0,0,0,0,0,0,0,0,0,0,0,0,0,0,0,0,3,3,7,11,20,28,47,50,56,87,114,122,206,245,318,414,443,499,582,617,734,808,1059,1148,1234,1335,1432,1498,1506,1571,1661,1730,1812,1951,2023,2023,2192,2192,2284,2284,2450,2603,2773,2954,3021,3089,3196,3319,3481,3598,3710,3802,3891,4008,4136,4255,4337,4453,4483,4530,4606,4671,4782,4867,4954,4993,5037,5131,5270,5397,5552,5626,5700
7,25027,0,0,0,0,0,0,0,0,0,0,0,0,0,0,0,0,0,0,0,0,0,0,0,0,0,0,0,0,0,0,0,0,0,0,0,0,0,0,0,0,0,0,0,0,0,0,0,0,1,1,1,2,2,2,6,8,10,14,19,24,37,42,73,129,166,219,291,337,390,433,563,667,825,915,978,1077,1172,1296,1461,1678,1822,2032,2128,2246,2350,2503,2765,2952,3069,3069,3341,3456,3798,4227,4460,4572,4744,4999,5300,5550,5787,6129,6288,6471,6597,6992,7197,7410,7611,7743,7818,7959,8241,8555,8786,9067,9252,9442,9582,9780,9997,10101,10251,10431,10505
8,01097,0,0,0,0,0,0,0,0,0,0,0,0,0,0,0,0,0,0,0,0,0,0,0,0,0,0,0,0,0,0,0,0,0,0,0,0,0,0,0,0,0,0,0,0,0,0,0,0,0,0,0,0,0,0,0,0,0,1,3,2,2,2,6,10,18,23,29,40,44,52,56,67,103,114,125,143,201,249,309,358,408,454,468,509,548,577,621,637,661,680,714,756,810,845,845,917,942,994,1033,1058,1099,1172,1198,1222,1265,1311,1355,1407,1452,1461,1474,1507,1545,1608,1653,1681,1701,1735,1751,1822,1870,1916,1973,1996,2033
9,25013,0,0,0,0,0,0,0,0,0,0,0,0,0,0,0,0,0,0,0,0,0,0,0,0,0,0,0,0,0,0,0,0,0,0,0,0,0,0,0,0,0,0,0,0,0,0,0,0,0,0,0,0,0,0,1,1,2,3,3,9,12,15,24,45,55,90,183,201,255,354,475,546,661,733,768,889,997,1081,1276,1394,1545,1647,1694,1798,1885,1985,2134,2254,2337,2337,2533,2678,2836,3060,3229,3295,3381,3546,3698,3777,3900,4003,4066,4114,4203,4321,4441,4522,4647,4714,4763,4831,4889,4974,5038,5133,5205,5264,5335,5418,5492,5568,5621,5687,5755
10,25009,0,0,0,0,0,0,0,0,0,0,0,0,0,0,0,0,0,0,0,0,0,0,0,0,0,0,0,0,0,0,0,0,0,0,0,0,0,0,0,0,0,0,0,0,0,0,0,0,0,1,2,2,5,5,8,8,14,19,29,41,60,73,118,177,247,350,472,570,653,784,885,1039,1238,1400,1506,1653,1841,2103,2336,2670,2896,3170,3413,3594,3894,4245,4584,4914,5153,5153,5521,5783,6219,6841,7212,7489,7708,7972,8380,8673,9028,9362,9542,9773,9979,10344,10610,10995,11211,11353,11432,11572,11703,11950,12131,12314,12462,12587,12748,12920,13063,13221,13334,13457,13575
11,36119,0,0,0,0,0,0,0,0,0,0,0,0,0,0,0,0,0,0,0,0,0,0,0,0,0,0,0,0,0,0,0,0,0,0,0,0,0,0,0,0,0,1,10,18,19,57,83,98,98,121,148,158,172,178,220,380,538,798,1091,1387,1873,2894,3891,4691,5944,7187,7875,8519,9326,9967,10683,11567,12351,13081,13723,14294,14294,15887,17004,18077,18729,19313,19786,20191,20947,21828,22476,23179,23803,24306,24656,25276,25959,26633,27231,27664,28007,28245,28626,28970,29232,29626,29884,30097,30240,30426,30708,30905,31087,31294,31384,31472,31611,31792,31943,32097,32224,32323,32402,32517,32673,32767,32881,32968,33049
12,25005,0,0,0,0,0,0,0,0,0,0,0,0,0,0,0,0,0,0,0,0,0,0,0,0,0,0,0,0,0,0,0,0,0,0,0,0,0,0,0,0,0,0,0,0,0,0,0,0,0,0,0,0,1,1,2,5,5,6,6,14,24,25,31,67,90,129,179,208,263,306,366,424,517,601,659,722,768,835,994,1086,1191,1327,1394,1435,1508,1605,1659,1698,1731,1731,1852,1908,2181,2697,2829,2923,3068,3270,3429,3580,3792,3916,4019,4103,4235,4380,4529,4670,4847,4931,4999,5125,5249,5440,5590,5748,5870,5996,6080,6165,6286,6362,6426,6596,6681
13,25021,0,0,0,0,0,0,0,0,0,0,0,0,0,0,0,0,0,0,0,0,0,0,0,0,0,0,0,0,0,0,0,0,0,0,0,0,0,0,0,0,0,1,1,1,2,2,6,6,10,22,24,24,28,28,36,43,45,52,64,69,75,82,129,222,292,393,490,548,628,738,829,938,1045,1199,1271,1382,1592,1778,2007,2216,2395,2649,2838,2969,3122,3342,3499,3659,3789,3789,4062,4212,4541,4979,5172,5288,5398,5567,5700,5896,6065,6187,6280,6382,6466,6610,6729,6801,6887,6952,7004,7046,7129,7258,7331,7412,7474,7524,7565,7607,7691,7724,7759,7812,7844
14,04013,0,0,0,0,1,1,1,1,1,1,1,1,1,1,1,1,1,1,1,1,1,1,1,1,1,1,1,1,1,1,1,1,1,1,1,1,1,1,1,1,1,1,1,1,2,2,2,2,2,3,3,3,4,4,8,9,11,22,34,49,81,139,199,251,299,399,454,545,690,788,871,961,1049,1171,1326,1433,1495,1559,1689,1741,1891,1960,2020,2056,2146,2264,2404,2491,2589,2636,2738,2846,2970,3116,3234,3359,3457,3578,3723,3972,4156,4421,4585,4751,4929,5138,5196,5525,5779,5827,5988,6219,6341,6599,6821,7096,7240,7340,7482,7644,7835,7950,8177,8277,8379
15,18097,0,0,0,0,0,0,0,0,0,0,0,0,0,0,0,0,0,0,0,0,0,0,0,0,0,0,0,0,0,0,0,0,0,0,0,0,0,0,0,0,0,0,0,0,1,1,1,1,1,1,2,2,3,6,7,9,11,19,25,46,82,82,161,226,293,484,584,676,804,964,1117,1304,1429,1570,1760,1956,2141,2290,2415,2600,2742,2887,3012,3063,3204,3320,3518,3624,3889,4052,4176,4263,4408,4537,4727,4796,4926,5080,5295,5530,5754,5983,6176,6327,6419,6730,6914,7078,7245,7336,7510,7632,7703,7793,7995,8151,8303,8406,8541,8656,8815,8928,9040,9132,9189
16,18057,0,0,0,0,0,0,0,0,0,0,0,0,0,0,0,0,0,0,0,0,0,0,0,0,0,0,0,0,0,0,0,0,0,0,0,0,0,0,0,0,0,0,0,0,0,0,0,0,0,0,0,0,0,1,1,1,2,2,5,10,18,18,25,30,40,52,64,83,106,127,179,207,220,265,300,335,363,392,395,431,443,478,490,499,510,520,542,563,583,598,615,624,645,670,699,704,720,729,746,755,794,810,824,845,859,882,894,902,920,925,936,956,960,968,977,1001,1021,1033,1042,1054,1071,1084,1092,1096,1099
17,18089,0,0,0,0,0,0,0,0,0,0,0,0,0,0,0,0,0,0,0,0,0,0,0,0,0,0,0,0,0,0,0,0,0,0,0,0,0,0,0,0,0,0,0,0,0,0,0,0,0,0,0,0,0,0,0,2,3,4,6,7,10,10,17,19,31,47,68,85,97,146,180,215,244,313,335,369,418,461,525,576,676,744,796,819,876,978,1026,1095,1105,1182,1227,1292,1346,1445,1515,1533,1586,1715,1786,1846,1929,1993,2036,2098,2161,2233,2288,2359,2392,2445,2493,2534,2588,2684,2747,2812,2843,2886,2946,3024,3087,3128,3191,3260,3299
18,17097,0,0,0,0,0,0,0,0,0,0,0,0,0,0,0,0,0,0,0,0,0,0,0,0,0,0,0,0,0,0,0,0,0,0,0,0,0,0,0,0,0,0,0,0,0,0,0,0,0,1,1,2,3,3,4,7,18,37,37,63,69,96,111,139,139,230,241,300,343,389,477,540,608,683,742,815,923,1041,1124,1230,1331,1445,1516,1621,1711,1767,1914,2073,2162,2216,2287,2379,2540,2717,2879,2990,3080,3192,3382,3509,3766,3975,4161,4252,4370,4529,4762,4985,5199,5245,5323,5662,5758,5992,6157,6382,6489,6645,6709,6905,7128,7291,7465,7615,7723
19,34017,0,0,0,0,0,0,0,0,0,0,0,0,0,0,0,0,0,0,0,0,0,0,0,0,0,0,0,0,0,0,0,0,0,0,0,0,0,0,0,0,0,0,0,0,0,0,1,1,1,1,1,4,5,5,19,24,34,55,66,97,126,190,234,260,441,594,771,974,1314,1606,1910,2270,2835,3491,3924,4395,4949,5437,5879,6411,6851,7469,7879,8242,8511,9165,9636,9956,10486,11150,11221,12088,12681,13011,13367,13708,13925,14309,14596,14916,15148,15401,15769,15881,16099,16197,17142,17365,17365,17513,17801,17677,17451,17602,18048,18048,18498,18498,18679,18880,18880,18880,18959,18879,18879
20,32031,0,0,0,0,0,0,0,0,0,0,0,0,0,0,0,0,0,0,0,0,0,0,0,0,0,0,0,0,0,0,0,0,0,0,0,0,0,0,0,0,0,0,0,0,1,1,2,2,2,2,2,2,4,4,9,12,12,14,14,22,25,25,44,50,57,67,75,107,111,121,143,163,184,245,264,264,309,326,326,363,389,415,461,532,549,549,572,588,637,662,662,710,736,736,791,804,804,834,848,873,921,949,977,988,1014,1022,1030,1065,1077,1095,1100,1116,1132,1154,1190,1190,1256,1266,1295,1395,1316,1356,1356,1378,1405
21,36001,0,0,0,0,0,0,0,0,0,0,0,0,0,0,0,0,0,0,0,0,0,0,0,0,0,0,0,0,0,0,0,0,0,0,0,0,0,0,0,0,0,0,0,0,0,0,0,0,0,0,2,2,7,7,15,25,36,43,70,88,123,127,146,152,171,187,195,205,217,226,240,253,267,293,305,319,333,342,379,426,446,478,499,535,548,581,619,648,682,687,704,737,758,805,899,948,979,1009,1067,1165,1204,1238,1258,1287,1294,1321,1348,1384,1416,1432,1456,1479,1494,1509,1538,1572,1579,1610,1655,1682,1700,1756,1770,1782,1791
22,32003,0,0,0,0,0,0,0,0,0,0,0,0,0,0,0,0,0,0,0,0,0,0,0,0,0,0,0,0,0,0,0,0,0,0,0,0,0,0,0,0,0,0,0,1,1,1,2,2,2,5,8,16,16,16,35,42,42,69,126,126,126,126,212,249,350,443,443,528,753,869,961,1125,1279,1418,1519,1608,1734,1878,2009,2144,2144,2324,2444,2509,2559,2559,2738,2882,2940,2998,3099,3218,3314,3443,3570,3665,3717,3793,3891,3979,4118,4225,4274,4411,4408,4473,4573,4573,4704,4750,4762,4869,5045,5045,5235,5298,5366,5463,5463,5650,5734,5815,5815,6140,6182
23,34031,0,0,0,0,0,0,0,0,0,0,0,0,0,0,0,0,0,0,0,0,0,0,0,0,0,0,0,0,0,0,0,0,0,0,0,0,0,0,0,0,0,0,0,0,0,0,0,0,1,1,1,2,2,2,8,10,18,38,49,67,95,141,216,255,399,484,608,831,1091,1294,1494,1750,2216,2856,3227,3756,4104,4372,4690,5017,5295,5590,5950,6438,6750,7317,7604,7936,8288,8479,8479,9392,9874,10291,10738,11137,11349,11755,12185,12449,12814,13082,13364,13496,13797,13971,14133,14280,14428,14543,14645,14716,14757,14887,14930,15031,15205,15278,15371,15426,15497,15604,15610,15686,15774
24,34039,0,0,0,0,0,0,0,0,0,0,0,0,0,0,0,0,0,0,0,0,0,0,0,0,0,0,0,0,0,0,0,0,0,0,0,0,0,0,0,0,0,0,0,0,0,0,0,0,1,1,1,1,1,3,8,15,26,29,43,81,124,189,246,262,432,519,742,896,1213,1418,1661,2010,2487,2916,3216,3685,4368,4831,5203,5575,5865,6180,6636,7265,7438,7904,8429,8959,9609,9972,9972,10484,10935,11208,11523,11853,12011,12188,12380,12578,12779,12996,13225,13357,13503,13604,13781,13917,13984,14057,14164,14203,14306,14385,14492,14569,14702,14903,15031,15122,15176,15191,15186,15169,15218
25,34013,0,0,0,0,0,0,0,0,0,0,0,0,0,0,0,0,0,0,0,0,0,0,0,0,0,0,0,0,0,0,0,0,0,0,0,0,0,0,0,0,0,0,0,0,0,0,0,0,0,0,1,3,7,7,20,32,45,63,73,107,172,273,342,381,609,826,1086,1227,1564,1900,2262,2617,3067,3584,4082,4493,5078,5598,6069,6580,7007,7410,7634,8212,8579,9084,9672,9901,10304,10729,11128,11387,11811,12110,12520,12863,13047,13190,13445,13682,13994,14248,14521,14621,14840,14951,15215,15350,15544,15646,15727,15826,15905,15905,16103,16151,16204,16712,16747,16952,16980,17014,17160,17214,17248
26,25017,0,0,0,0,0,0,0,0,0,0,0,0,0,0,0,0,0,0,0,0,0,0,0,0,0,0,0,0,0,0,0,0,0,0,0,0,0,0,0,0,0,0,0,0,1,1,7,7,15,41,49,60,65,65,83,89,100,119,144,177,199,232,304,446,538,685,842,981,1141,1340,1582,1870,2202,2468,2632,2950,3187,3545,4045,4447,4872,5660,5983,6254,6681,7206,7744,8297,8737,8737,9621,10094,10724,11681,12253,12648,12953,13417,13799,14208,14607,15048,15370,15757,15980,16327,16676,17014,17307,17589,17774,17953,18201,18381,18683,18883,19129,19345,19504,19708,19930,20085,20232,20437,20539
27,34021,0,0,0,0,0,0,0,0,0,0,0,0,0,0,0,0,0,0,0,0,0,0,0,0,0,0,0,0,0,0,0,0,0,0,0,0,0,0,0,0,0,0,0,0,0,0,0,0,0,0,0,1,1,1,6,9,15,20,22,30,40,50,58,82,111,131,168,202,249,268,333,386,484,586,654,740,837,992,1161,1282,1434,1567,1646,1731,1856,2037,2123,2215,2395,2591,2591,2845,2991,3086,3245,3355,3433,3605,3725,3937,4077,4271,4504,4594,4743,4860,4986,5111,5233,5317,5393,5426,5499,5612,5673,5719,5825,5950,6018,6162,6205,6295,6351,6413,6491
28,06001,0,0,0,0,0,0,0,0,0,0,0,0,0,0,0,0,0,0,0,0,0,0,0,0,0,0,0,0,0,0,0,0,0,0,0,0,0,0,0,0,0,1,1,1,1,2,2,2,3,5,5,7,11,11,18,27,30,38,48,68,71,118,135,135,178,220,220,270,283,313,313,359,443,443,566,588,634,674,674,766,806,845,888,888,964,1007,1063,1114,1164,1193,1241,1242,1352,1403,1439,1470,1500,1533,1568,1603,1636,1706,1749,1776,1809,1863,1917,1961,2023,2064,2101,2133,2178,2234,2367,2351,2392,2457,2522,2560,2609,2708,2760,2847,2874
29,06059,0,0,0,0,1,1,1,1,1,1,1,1,1,1,1,1,1,1,1,1,1,1,1,1,1,1,1,1,1,1,1,1,1,1,1,1,1,1,1,1,1,1,3,3,3,3,3,4,5,5,6,9,14,14,17,22,29,53,65,78,95,125,152,187,256,321,403,431,464,502,606,656,711,786,834,882,931,1016,1079,1138,1221,1277,1283,1299,1376,1425,1501,1556,1636,1676,1691,1753,1827,1845,1969,2074,2126,2151,2252,2393,2537,2636,2743,2819,2873,3004,3092,3240,3380,3502,3557,3602,3749,3968,4125,4222,4376,4434,4500,4742,4841,4941,5157,5336,5469
30,06013,0,0,0,0,0,0,0,0,0,0,0,0,0,0,0,0,0,0,0,0,0,0,0,0,0,0,0,0,0,0,0,0,0,0,0,0,0,0,0,0,0,0,1,1,3,3,9,9,9,10,17,25,29,29,34,39,39,41,46,51,61,71,86,108,131,147,168,168,187,212,249,250,307,307,386,417,442,462,484,511,530,539,552,552,615,631,648,685,693,707,749,763,770,786,805,817,820,842,862,891,907,934,945,947,969,985,999,1014,1036,1048,1048,1066,1080,1089,1100,1121,1146,1155,1192,1209,1234,1259,1296,1321,1336
31,22071,0,0,0,0,0,0,0,0,0,0,0,0,0,0,0,0,0,0,0,0,0,0,0,0,0,0,0,0,0,0,0,0,0,0,0,0,0,0,0,0,0,0,0,0,0,0,0,0,0,5,14,26,53,66,79,136,187,231,326,418,451,567,675,827,997,1170,1298,1350,1480,1834,2270,3148,3476,3966,4066,4565,4942,5070,5242,5416,5535,5600,5651,5718,5769,5847,5906,5953,6000,6148,6169,6209,6263,6286,6297,6342,6365,6380,6420,6452,6495,6524,6538,6557,6575,6608,6626,6645,6674,6682,6693,6718,6753,6768,6787,6781,6809,6822,6869,6884,6904,6944,6944,6953,7005
32,21111,0,0,0,0,0,0,0,0,0,0,0,0,0,0,0,0,0,0,0,0,0,0,0,0,0,0,0,0,0,0,0,0,0,0,0,0,0,0,0,0,0,0,0,0,0,0,0,1,1,1,2,2,4,4,6,7,8,8,25,25,25,33,33,35,35,35,103,97,116,206,206,228,228,299,304,304,319,319,380,380,380,495,550,531,573,600,599,689,814,867,925,954,1008,1121,1121,1120,1140,1224,1281,1307,1352,1352,1403,1419,1497,1535,1578,1610,1642,1642,1691,1713,1713,1741,1772,1865,1865,1916,1959,1968,1994,2021,2050,2050,2050
33,22051,0,0,0,0,0,0,0,0,0,0,0,0,0,0,0,0,0,0,0,0,0,0,0,0,0,0,0,0,0,0,0,0,0,0,0,0,0,0,0,0,0,0,0,0,0,0,0,0,0,0,2,0,11,12,16,35,40,62,104,166,166,252,293,359,458,548,744,761,838,1193,1433,2178,2495,3008,3088,3530,3922,4092,4480,4678,4877,4990,5088,5188,5265,5346,5476,5543,5592,5761,5802,5860,5929,5985,6007,6059,6104,6135,6173,6197,6305,6362,6388,6426,6491,6554,6588,6610,6679,6709,6755,6789,6833,6860,6897,6982,7039,7059,7095,7128,7175,7232,7232,7248,7298
34,22033,0,0,0,0,0,0,0,0,0,0,0,0,0,0,0,0,0,0,0,0,0,0,0,0,0,0,0,0,0,0,0,0,0,0,0,0,0,0,0,0,0,0,0,0,0,0,0,0,0,0,0,0,0,0,0,1,2,5,7,18,18,43,58,75,105,124,153,164,188,228,244,325,389,621,656,816,892,935,1000,1088,1158,1223,1273,1295,1325,1389,1424,1476,1512,1534,1560,1603,1636,1697,1720,1739,1771,1787,1830,1874,1989,2054,2086,2131,2175,2224,2256,2284,2348,2374,2398,2445,2487,2898,2953,3009,3034,3056,3145,3213,3319,3370,3370,3386,3438
35,06029,0,0,0,0,0,0,0,0,0,0,0,0,0,0,0,0,0,0,0,0,0,0,0,0,0,0,0,0,0,0,0,0,0,0,0,0,0,0,0,0,0,0,0,0,0,0,0,0,0,0,0,0,0,0,0,1,1,3,4,5,5,12,13,15,29,33,47,51,60,83,110,142,173,210,230,239,252,271,303,337,371,396,436,462,533,565,578,610,623,643,671,683,699,735,755,809,828,847,866,893,939,969,1005,1016,1045,1073,1133,1166,1228,1254,1286,1316,1343,1393,1428,1473,1515,1537,1571,1605,1644,1695,1757,1824,1871
36,06037,0,0,0,0,1,1,1,1,1,1,1,1,1,1,1,1,1,1,1,1,1,1,1,1,1,1,1,1,1,1,1,1,1,1,1,1,1,1,1,1,1,1,7,11,13,14,14,14,20,27,32,40,53,53,94,144,190,231,292,292,407,536,662,812,1229,1465,1465,1829,2474,3019,3518,4045,4566,4605,5955,6377,6936,7559,7955,8443,8453,8894,9433,10047,10517,10854,11400,12021,12341,13823,15153,16447,17537,18545,19133,19567,20423,20996,22485,23220,24262,24894,25699,26225,27836,28665,29511,30319,31241,31703,32263,33211,34538,35392,36316,37360,38011,38458,39573,40895,42037,43070,44121,45017,46023
37,06073,0,0,0,0,0,0,0,0,0,0,0,0,0,0,0,0,0,0,0,0,1,1,2,2,2,2,2,2,2,2,2,2,2,2,2,2,2,2,2,2,2,2,2,3,3,3,3,3,3,3,5,8,10,16,55,55,60,80,127,127,155,201,226,238,293,341,413,484,515,603,733,849,966,1112,1209,1326,1404,1454,1530,1628,1693,1761,1804,1847,1930,2012,2087,2158,2213,2268,2325,2491,2643,2826,2943,2943,3043,3141,3432,3432,3564,3711,3927,3927,4020,4319,4319,4429,4662,4776,5065,5161,5161,5391,5391,5662,5836,5836,6026,6140,6140,6315,6559,6559,6701
38,36061,0,0,0,0,0,0,0,0,0,0,0,0,0,0,0,0,0,0,0,0,0,0,0,0,0,0,0,0,0,0,0,0,0,0,0,0,0,0,0,0,1,1,1,4,11,11,12,19,25,55,95,154,269,269,463,814,1871,3954,5151,7530,9654,12305,14904,17856,21873,25573,29776,33768,37453,43119,47439,51809,57159,63306,67551,72181,76876,81803,87028,92384,98308,103208,106763,110465,118302,123146,127352,131334,134267,136591,139348,142227,145855,150473,155113,158258,160489,162338,164841,167478,169690,172354,174331,175651,176874,178351,180216,181783,183289,184417,185357,186123,187250,188545,190357,191600,192593,193230,193821,194550,195675,196484,197266,198123,198731
39,06071,0,0,0,0,0,0,0,0,0,0,0,0,0,0,0,0,0,0,0,0,0,0,0,0,0,0,0,0,0,0,0,0,0,0,0,0,0,0,0,0,0,0,0,0,0,0,0,0,0,0,0,0,0,0,1,2,3,5,9,10,17,17,31,38,54,54,76,76,111,125,183,254,304,353,372,373,530,547,641,729,810,810,887,977,977,996,1032,1219,1286,1406,1489,1489,1608,1666,1666,1732,1772,1827,1928,2058,2113,2182,2182,2182,2329,2432,2562,2629,2902,2902,3015,3078,3153,3198,3311,3463,3511,3593,3707,3795,3984,4146,4315,4365,4365
40,06067,0,0,0,0,0,0,0,0,0,0,0,0,0,0,0,0,0,0,0,0,0,0,0,0,0,0,0,0,0,0,1,1,1,1,1,1,2,2,2,2,2,2,2,2,2,2,2,2,10,11,17,17,29,29,33,40,40,45,53,53,53,88,88,113,113,164,164,164,224,224,224,314,390,390,442,462,525,580,580,653,653,707,739,816,853,879,896,914,925,940,954,971,987,1019,1019,1037,1045,1053,1068,1077,1090,1107,1117,1127,1133,1142,1153,1160,1165,1167,1173,1181,1183,1194,1211,1222,1237,1245,1250,1255,1266,1272,1289,1293,1302
41,25025,0,0,0,0,0,0,0,0,0,0,1,1,1,1,1,1,1,1,1,1,1,1,1,1,1,1,1,1,1,1,1,1,1,1,1,1,1,1,1,1,1,1,1,1,3,3,8,8,10,20,22,26,27,27,36,42,51,72,86,108,126,154,234,342,448,631,843,940,1115,1373,1624,1896,2183,2429,2658,2929,3245,3600,4041,4534,4926,5359,5579,5872,6279,6820,7272,7696,8074,8074,8669,9060,9739,10724,11218,11543,11883,12140,12539,12890,13295,13606,13777,13941,14173,14476,14732,14944,15119,15279,15356,15454,15587,15881,15996,16346,16479,16671,16825,16962,17089,17180,17291,17417,17480
42,22017,0,0,0,0,0,0,0,0,0,0,0,0,0,0,0,0,0,0,0,0,0,0,0,0,0,0,0,0,0,0,0,0,0,0,0,0,0,0,0,0,0,0,0,0,0,0,0,0,0,0,1,1,1,1,3,4,5,7,12,15,15,34,40,93,115,140,189,219,222,242,298,336,377,598,647,711,756,803,906,950,974,1018,1033,1097,1118,1154,1220,1244,1261,1276,1310,1332,1389,1407,1432,1448,1470,1497,1525,1540,1579,1601,1610,1629,1639,1667,1690,1712,1743,1751,1765,1784,1800,1818,1846,1864,1877,1898,1912,1939,2272,2293,2293,2312,2343
43,24510,0,0,0,0,0,0,0,0,0,0,0,0,0,0,0,0,0,0,0,0,0,0,0,0,0,0,0,0,0,0,0,0,0,0,0,0,0,0,0,0,0,0,0,0,0,0,0,0,0,0,0,0,0,1,2,2,4,8,11,15,24,31,41,53,72,88,112,129,152,187,221,265,313,343,394,435,459,571,638,689,756,812,873,962,1060,1160,1273,1378,1392,1511,1542,1602,1672,1728,1791,1866,1933,1977,2014,2068,2162,2237,2319,2411,2609,2752,2856,2941,3208,3317,3353,3404,3476,3505,3606,3719,3798,3830,4002,4152,4339,4492,4673,4782,4888
44,25023,0,0,0,0,0,0,0,0,0,0,0,0,0,0,0,0,0,0,0,0,0,0,0,0,0,0,0,0,0,0,0,0,0,0,0,0,0,0,0,0,0,0,0,0,0,0,0,0,0,0,0,0,0,0,3,5,5,5,11,20,25,32,64,101,138,187,272,325,380,459,561,621,745,898,963,1067,1194,1327,1507,1677,1809,2024,2141,2207,2308,2466,2577,2688,2832,2832,3043,3253,3529,4160,4380,4495,4607,4744,4871,5083,5259,5409,5507,5602,5736,5899,6081,6194,6311,6382,6457,6507,6592,6774,6875,6987,7064,7139,7198,7280,7366,7424,7480,7559,7594
45,34007,0,0,0,0,0,0,0,0,0,0,0,0,0,0,0,0,0,0,0,0,0,0,0,0,0,0,0,0,0,0,0,0,0,0,0,0,0,0,0,0,0,0,0,0,0,0,0,0,1,1,1,1,2,2,3,3,8,13,11,15,22,33,51,61,73,95,123,163,200,228,289,343,406,481,556,645,736,838,990,1072,1180,1270,1401,1477,1587,1734,1807,1918,2131,2255,2379,2528,2683,2750,2870,2983,3124,3285,3385,3519,3646,3773,3973,4073,4251,4307,4479,4619,4758,4870,4959,5043,5099,5172,5255,5381,5455,5573,5644,5738,5818,5923,5953,6024,6103
46,06065,0,0,0,0,0,0,0,0,0,0,0,0,0,0,0,0,0,0,0,0,0,0,0,0,0,0,0,0,0,0,0,0,0,0,0,0,0,0,0,0,0,0,0,0,0,0,1,1,4,6,8,8,14,14,15,15,16,22,28,28,29,46,57,68,105,149,183,195,291,371,371,493,493,638,799,946,1016,1179,1280,1350,1431,1619,1619,1961,1961,2105,2457,2457,2638,2847,2847,2960,3218,3315,3315,3563,3643,3735,3942,4031,4079,4079,4180,4354,4454,4672,4756,4756,4992,4992,5189,5248,5248,5440,5618,5618,5618,5952,6053,6184,6343,6464,6464,6464,7004
47,26049,0,0,0,0,0,0,0,0,0,0,0,0,0,0,0,0,0,0,0,0,0,0,0,0,0,0,0,0,0,0,0,0,0,0,0,0,0,0,0,0,0,0,0,0,0,0,0,0,0,0,0,0,0,0,0,0,0,0,4,7,14,23,34,46,63,91,110,127,150,185,249,349,422,464,504,568,638,713,755,828,919,955,988,1030,1084,1147,1197,1228,1240,1256,1298,1362,1387,1434,1452,1467,1483,1533,1564,1581,1600,1620,1634,1647,1668,1710,1731,1739,1750,1758,1765,1782,1784,1813,1835,1845,1866,1869,1891,1915,1926,1929,1936,1948,1961
48,26125,0,0,0,0,0,0,0,0,0,0,0,0,0,0,0,0,0,0,0,0,0,0,0,0,0,0,0,0,0,0,0,0,0,0,0,0,0,0,0,0,0,0,0,0,0,0,0,0,0,1,1,3,6,9,14,16,59,105,184,230,277,329,428,543,668,824,1018,1170,1365,1591,1910,2183,2540,2785,3035,3380,3736,4007,4247,4511,4802,4915,5073,5364,5576,5778,5901,6021,6109,6178,6306,6463,6634,6804,6881,6928,6913,7012,7159,7267,7423,7475,7518,7499,7522,7573,7624,7664,7692,7736,7752,7784,7830,7952,7994,8023,8043,8050,8078,8117,8125,8131,8192,8215,8226
49,27053,0,0,0,0,0,0,0,0,0,0,0,0,0,0,0,0,0,0,0,0,0,0,0,0,0,0,0,0,0,0,0,0,0,0,0,0,0,0,0,0,0,0,0,0,0,0,0,0,0,0,1,1,6,6,22,24,28,32,45,52,57,89,103,111,128,141,152,171,190,204,218,235,242,252,267,280,310,344,375,415,464,557,557,558,651,651,806,875,924,975,1013,1073,1132,1200,1287,1332,1416,1524,1633,1738,1829,1980,2151,2298,2519,2764,2962,3153,3379,3558,3744,4033,4183,4331,4674,4930,5158,5409,5650,5838,6029,6350,6649,6918,7168
50,26099,0,0,0,0,0,0,0,0,0,0,0,0,0,0,0,0,0,0,0,0,0,0,0,0,0,0,0,0,0,0,0,0,0,0,0,0,0,0,0,0,0,0,0,0,0,0,0,0,0,0,0,0,1,2,6,8,10,55,86,101,140,175,225,281,347,404,534,620,728,853,1088,1332,1560,1838,2003,2159,2414,2626,2783,2973,3164,3254,3418,3620,3792,3992,4145,4251,4360,4425,4544,4628,4862,5022,5139,5203,5245,5339,5430,5513,5623,5666,5756,5736,5789,5832,5876,5963,6019,6042,6064,6097,6137,6232,6274,6304,6345,6357,6367,6392,6420,6445,6482,6499,6516
51,29510,0,0,0,0,0,0,0,0,0,0,0,0,0,0,0,0,0,0,0,0,0,0,0,0,0,0,0,0,0,0,0,0,0,0,0,0,0,0,0,0,0,0,0,0,0,0,0,0,0,0,0,0,0,0,0,1,2,2,5,7,10,15,23,44,69,72,95,102,102,150,195,239,239,297,328,358,440,476,514,565,594,645,698,706,723,743,766,808,831,859,882,908,966,1000,1019,1037,1067,1104,1126,1145,1150,1207,1304,1346,1362,1384,1450,1474,1484,1513,1526,1549,1571,1596,1602,1631,1654,1682,1705,1717,1744,1763,1789,1815,1849
52,06085,0,0,0,0,0,0,0,0,0,1,1,1,2,2,2,2,2,2,2,2,2,2,2,2,2,2,2,2,2,2,2,2,2,2,2,2,2,2,3,3,9,11,11,20,20,32,38,38,43,48,52,79,95,91,138,155,175,189,196,263,263,302,375,459,542,574,591,646,848,890,956,1019,1019,1148,1207,1207,1285,1380,1380,1442,1484,1566,1666,1666,1793,1833,1870,1870,1870,1922,1922,1962,1987,2018,2040,2084,2105,2122,2134,2163,2179,2205,2231,2244,2255,2268,2281,2290,2307,2339,2341,2362,2364,2391,2391,2418,2453,2453,2483,2492,2492,2492,2571,2617,2652
53,06081,0,0,0,0,0,0,0,0,0,0,0,0,0,0,0,0,0,0,0,0,0,0,0,0,0,0,0,0,0,0,0,0,0,0,0,0,0,0,0,0,1,2,2,2,2,2,2,2,8,15,20,20,32,32,41,64,80,89,100,110,117,142,161,165,195,239,274,277,309,309,388,453,486,538,555,579,589,617,633,638,652,652,701,721,747,767,797,838,838,920,935,958,966,989,1019,1019,1080,1099,1136,1177,1197,1233,1233,1281,1315,1341,1377,1397,1425,1425,1464,1497,1515,1536,1575,1602,1602,1671,1687,1697,1738,1783,1833,1833,1833
54,42003,0,0,0,0,0,0,0,0,0,0,0,0,0,0,0,0,0,0,0,0,0,0,0,0,0,0,0,0,0,0,0,0,0,0,0,0,0,0,0,0,0,0,0,0,0,0,0,0,0,0,0,0,2,2,6,10,13,18,28,31,40,48,58,88,133,158,219,265,290,325,356,419,476,552,605,642,689,720,759,788,836,857,876,893,904,925,947,1009,1035,1042,1059,1088,1149,1177,1198,1211,1224,1235,1273,1289,1319,1333,1345,1365,1375,1394,1439,1455,1486,1503,1511,1526,1545,1551,1582,1595,1603,1641,1658,1687,1718,1739,1753,1777,1805
55,42101,0,0,0,0,0,0,0,0,0,0,0,0,0,0,0,0,0,0,0,0,0,0,0,0,0,0,0,0,0,0,0,0,0,0,0,0,0,0,0,0,0,0,0,0,0,0,0,0,1,1,1,3,4,4,10,19,34,44,67,85,96,175,252,342,475,637,803,890,1072,1315,1675,2100,2430,3008,3189,3728,4272,4777,5029,5521,6022,6386,6813,7130,7441,8045,8563,9014,9214,9553,10028,10028,11226,11877,11877,12566,12868,13445,13803,14468,15137,15137,15137,16040,16410,16697,17047,17517,17881,18211,18313,18537,18779,19093,19349,19606,19606,19953,20132,20359,20700,21009,21234,21234,21234
56,42095,0,0,0,0,0,0,0,0,0,0,0,0,0,0,0,0,0,0,0,0,0,0,0,0,0,0,0,0,0,0,0,0,0,0,0,0,0,0,0,0,0,0,0,0,0,0,0,0,0,0,1,1,1,1,1,1,1,5,10,17,21,23,33,44,56,79,94,126,184,245,312,378,466,588,636,716,774,857,949,994,1039,1082,1130,1176,1251,1296,1335,1396,1441,1469,1544,1591,1656,1716,1780,1813,1834,1970,2008,2050,2103,2182,2214,2240,2279,2313,2355,2390,2429,2453,2465,2499,2518,2566,2600,2659,2703,2727,2758,2779,2814,2842,2866,2911,2920
57,39049,0,0,0,0,0,0,0,0,0,0,0,0,0,0,0,0,0,0,0,0,0,0,0,0,0,0,0,0,0,0,0,0,0,0,0,0,0,0,0,0,0,0,0,0,0,0,0,0,0,0,0,0,1,3,3,4,7,10,14,21,34,44,75,88,109,152,222,247,281,325,391,441,503,557,597,644,703,761,802,850,894,943,1012,1053,1102,1212,1320,1403,1513,1510,1557,1598,1673,1768,1839,1942,2005,2090,2216,2441,2589,2698,2905,2988,3097,3237,3377,3615,3710,3777,3881,4002,4113,4227,4330,4420,4493,4574,4706,4793,4885,4996,5097,5188,5310
58,39095,0,0,0,0,0,0,0,0,0,0,0,0,0,0,0,0,0,0,0,0,0,0,0,0,0,0,0,0,0,0,0,0,0,0,0,0,0,0,0,0,0,0,0,0,0,0,0,0,0,0,0,0,0,1,1,1,1,1,2,4,7,10,13,23,35,48,67,94,114,133,171,206,233,272,302,321,347,371,403,443,490,503,514,540,596,644,682,724,789,823,853,878,936,985,1033,1104,1130,1166,1208,1251,1297,1331,1376,1429,1478,1527,1583,1665,1710,1757,1806,1836,1858,1883,1921,1945,1960,1986,1999,2021,2056,2071,2087,2107,2126
59,08059,0,0,0,0,0,0,0,0,0,0,0,0,0,0,0,0,0,0,0,0,0,0,0,0,0,0,0,0,0,0,0,0,0,0,0,0,0,0,0,0,0,0,0,1,1,1,1,1,2,4,5,7,9,12,17,17,25,36,37,43,51,55,73,93,131,158,182,213,253,304,356,385,440,483,519,540,579,610,660,683,713,763,787,809,837,860,888,930,957,987,1011,1064,1075,1157,1236,1265,1276,1298,1314,1338,1373,1384,1405,1431,1466,1507,1542,1574,1627,1649,1658,1678,1716,1748,1775,1800,1831,1849,1882,1932,1974,1999,2030,2040,2061
60,08005,0,0,0,0,0,0,0,0,0,0,0,0,0,0,0,0,0,0,0,0,0,0,0,0,0,0,0,0,0,0,0,0,0,0,0,0,0,0,0,0,0,0,0,0,0,0,0,1,2,3,3,7,10,15,15,18,22,22,29,40,45,58,69,88,119,155,204,241,288,333,381,441,500,552,608,652,718,764,877,931,998,1083,1142,1183,1243,1342,1419,1498,1536,1602,1649,1717,1824,2030,2083,2160,2252,2312,2389,2472,2557,2625,2706,2758,2883,2977,3089,3148,3228,3272,3313,3370,3464,3526,3583,3652,3703,3767,3827,3889,3943,3974,4027,4039,4075
61,08031,0,0,0,0,0,0,0,0,0,0,0,0,0,0,0,0,0,0,0,0,0,0,0,0,0,0,0,0,0,0,0,0,0,0,0,0,0,0,0,0,0,0,0,0,2,2,2,3,4,6,9,17,23,28,28,41,45,61,79,97,125,148,176,214,262,312,367,408,465,539,586,643,716,769,825,847,884,927,1031,1113,1182,1247,1346,1402,1468,1549,1636,1723,1784,1880,2004,2071,2172,2385,2487,2583,2682,2791,2890,3001,3092,3222,3345,3428,3546,3674,3799,3892,4001,4070,4118,4187,4254,4359,4452,4548,4656,4720,4790,4858,4948,5056,5151,5173,5216
62,08123,0,0,0,0,0,0,0,0,0,0,0,0,0,0,0,0,0,0,0,0,0,0,0,0,0,0,0,0,0,0,0,0,0,0,0,0,0,0,0,0,0,0,0,0,0,0,0,0,0,0,0,1,2,4,4,5,9,9,15,21,37,50,76,87,107,129,161,180,215,255,293,329,379,424,470,504,537,573,614,649,683,738,808,858,928,960,986,1029,1063,1121,1180,1237,1263,1353,1430,1469,1544,1618,1704,1776,1802,1836,1872,1897,1955,1988,2042,2087,2120,2139,2159,2190,2211,2232,2260,2281,2295,2305,2326,2338,2358,2367,2391,2406,2412
63,37119,0,0,0,0,0,0,0,0,0,0,0,0,0,0,0,0,0,0,0,0,0,0,0,0,0,0,0,0,0,0,0,0,0,0,0,0,0,0,0,0,0,0,0,0,0,0,0,0,0,0,2,1,2,4,7,11,14,30,43,77,77,97,142,170,204,259,299,336,382,420,444,533,601,650,664,741,810,848,861,906,935,954,970,993,1015,1098,1136,1153,1183,1231,1255,1331,1377,1407,1450,1482,1492,1519,1567,1627,1651,1699,1724,1734,1787,1870,1922,1989,2043,2074,2134,2158,2283,2342,2385,2504,2591,2652,2652,2780,2780,3001,3142,3231,3380
64,36067,0,0,0,0,0,0,0,0,0,0,0,0,0,0,0,0,0,0,0,0,0,0,0,0,0,0,0,0,0,0,0,0,0,0,0,0,0,0,0,0,0,0,0,0,0,0,0,0,0,0,0,0,0,0,1,2,6,7,13,34,45,53,60,81,111,123,146,194,228,249,277,301,322,349,364,377,397,422,422,456,456,494,520,537,563,579,598,598,637,646,646,667,600,639,664,692,726,742,782,832,860,903,952,971,1002,1056,1115,1169,1218,1265,1287,1308,1395,1423,1440,1469,1501,1520,1665,1718,1771,1828,1904,1953,1981
65,37183,0,0,0,0,0,0,0,0,0,0,0,0,0,0,0,0,0,0,0,0,0,0,0,0,0,0,0,0,0,0,0,0,0,0,0,0,0,0,0,0,0,1,1,1,1,1,1,1,6,6,7,8,11,14,15,15,22,25,32,32,52,52,66,73,100,123,123,146,166,193,213,251,275,283,304,314,351,365,385,391,424,470,476,501,537,556,574,579,592,605,613,613,633,640,651,663,752,782,814,833,855,870,887,891,928,958,981,1008,1022,1038,1051,1076,1102,1132,1165,1199,1212,1253,1253,1307,1326,1393,1434,1448,1471
66,42077,0,0,0,0,0,0,0,0,0,0,0,0,0,0,0,0,0,0,0,0,0,0,0,0,0,0,0,0,0,0,0,0,0,0,0,0,0,0,0,0,0,0,0,0,0,0,0,0,0,0,0,0,0,0,1,1,1,1,2,13,19,25,27,38,63,93,109,151,231,272,374,479,584,804,877,1006,1146,1319,1466,1562,1620,1684,1747,1803,1922,1999,2092,2141,2203,2245,2295,2374,2418,2478,2551,2601,2636,2685,2719,2796,2850,2896,2924,2963,2999,3063,3102,3140,3169,3241,3259,3286,3318,3378,3396,3440,3470,3491,3513,3550,3586,3613,3628,3651,3667
67,09001,0,0,0,0,0,0,0,0,0,0,0,0,0,0,0,0,0,0,0,0,0,0,0,0,0,0,0,0,0,0,0,0,0,0,0,0,0,0,0,0,0,0,0,0,0,0,0,0,1,2,4,8,15,15,29,48,69,102,122,122,208,270,384,546,607,752,908,1245,1445,1870,1986,2132,2716,2824,3050,3719,4136,4136,4882,5180,5407,5534,6004,6213,6480,6816,7146,7363,7434,8320,8472,9883,10008,10227,10373,10529,10763,10874,10985,11294,11612,11801,11801,12245,12360,12455,12679,12879,13030,13236,13312,13488,13636,13836,14009,14140,14248,14439,14522,14719,14751,14889,14989,15114,15213
68,09003,0,0,0,0,0,0,0,0,0,0,0,0,0,0,0,0,0,0,0,0,0,0,0,0,0,0,0,0,0,0,0,0,0,0,0,0,0,0,0,0,0,0,0,0,0,0,0,0,0,0,0,0,1,2,4,7,11,18,29,29,54,61,88,116,138,189,228,276,330,393,469,539,679,726,751,882,1045,1045,1471,1615,1832,1914,2243,2370,2570,2859,3015,3196,3351,3823,3951,4128,4303,4570,4761,4989,5157,5224,5388,5601,5931,6112,6112,6173,6351,6530,6750,6904,7105,7263,7358,7528,7732,7935,8126,8299,8723,8957,9050,9234,9299,9463,9545,9686,9841
69,10003,0,0,0,0,0,0,0,0,0,0,0,0,0,0,0,0,0,0,0,0,0,0,0,0,0,0,0,0,0,0,0,0,0,0,0,0,0,0,0,0,0,0,0,0,0,0,0,0,0,1,1,4,6,6,8,15,17,23,27,32,39,44,71,79,86,105,130,141,156,197,226,245,279,400,436,496,571,636,701,751,807,880,919,947,974,1003,1100,1205,1205,1229,1303,1352,1389,1486,1504,1599,1629,1701,1717,1734,1829,1864,1903,1934,1979,2087,2130,2184,2275,2275,2390,2440,2496,2560,2619,2667,2682,2738,2845,2933,3053,3132,3132,3309,3436
70,11001,0,0,0,0,0,0,0,0,0,0,0,0,0,0,0,0,0,0,0,0,0,0,0,0,0,0,0,0,0,0,0,0,0,0,0,0,0,0,0,0,0,0,0,0,0,0,0,0,0,0,0,0,0,0,22,22,31,40,71,98,102,120,141,187,231,271,304,342,401,495,586,653,757,902,1002,1097,1211,1440,1523,1660,1778,1875,1955,2058,2197,2350,2476,2666,2793,2927,3098,3206,3361,3528,3699,3841,3892,3994,4106,4323,4658,4797,5016,5170,5322,5461,5654,5899,6102,6272,6389,6485,6584,6736,6871,7042,7123,7270,7434,7551,7788,7893,7966,8110,8225
71,12099,0,0,0,0,0,0,0,0,0,0,0,0,0,0,0,0,0,0,0,0,0,0,0,0,0,0,0,0,0,0,0,0,0,0,0,0,0,0,0,0,0,0,0,0,0,0,0,0,0,0,0,2,5,5,5,13,19,29,42,56,72,89,101,118,169,194,292,333,423,551,567,737,858,954,1000,1069,1136,1206,1260,1388,1441,1646,1704,1740,1814,1867,2088,2138,2170,2260,2320,2403,2554,2600,2614,2697,2763,2877,2911,2963,3041,3080,3130,3311,3390,3480,3587,3615,3798,3870,3889,4093,4176,4278,4391,4440,4524,4658,4699,4776,4968,5072,5140,5201,5355
72,12103,0,0,0,0,0,0,0,0,0,0,0,0,0,0,0,0,0,0,0,0,0,0,0,0,0,0,0,0,0,0,0,0,0,0,0,0,0,0,0,0,0,0,0,0,0,0,0,0,0,2,2,2,2,2,2,4,10,16,22,29,38,41,45,50,64,77,94,113,126,167,170,273,318,342,359,362,380,394,413,428,444,455,479,494,513,530,565,587,592,607,632,638,656,673,677,687,698,709,718,729,748,757,766,784,788,801,820,828,848,861,876,909,923,962,997,1008,1022,1051,1062,1075,1109,1116,1153,1173,1187
73,12011,0,0,0,0,0,0,0,0,0,0,0,0,0,0,0,0,0,0,0,0,0,0,0,0,0,0,0,0,0,0,0,0,0,0,0,0,0,0,0,0,0,0,0,0,0,2,2,3,4,4,7,11,20,36,36,48,72,96,128,164,217,263,311,355,504,614,814,838,1152,1219,1232,1481,1598,1765,1886,2067,2230,2358,2454,2645,2806,2945,3177,3261,3363,3466,3688,3838,3971,4078,4168,4228,4431,4591,4659,4729,4794,4847,4898,4953,5144,5257,5312,5383,5492,5553,5677,5688,5780,5858,5882,5973,5998,6057,6133,6201,6243,6322,6369,6407,6514,6580,6649,6697,6760
74,12086,0,0,0,0,0,0,0,0,0,0,0,0,0,0,0,0,0,0,0,0,0,0,0,0,0,0,0,0,0,0,0,0,0,0,0,0,0,0,0,0,0,0,0,0,0,0,0,0,0,0,1,2,8,13,13,40,76,101,124,169,227,278,338,400,616,763,1003,1192,1632,2123,2202,2886,3364,3890,4146,4481,4997,5354,5745,6119,6487,7058,7459,7712,8066,8326,8824,9045,9354,9657,10056,10153,10588,10926,11005,11351,11570,11831,11927,12063,12389,12632,12775,13092,13224,13371,13585,13664,13841,14007,14167,14385,14468,14742,15011,15366,15658,15864,15942,16034,16367,16522,16694,16845,17041
75,12031,0,0,0,0,0,0,0,0,0,0,0,0,0,0,0,0,0,0,0,0,0,0,0,0,0,0,0,0,0,0,0,0,0,0,0,0,0,0,0,0,0,0,0,0,0,0,0,0,0,0,0,1,1,4,4,10,13,15,17,25,39,50,50,56,74,90,115,125,158,207,218,286,323,387,413,475,521,549,589,609,635,668,691,718,745,776,817,835,854,896,909,925,956,955,965,984,990,1001,1007,1012,1025,1038,1045,1072,1084,1077,1083,1088,1134,1164,1171,1186,1199,1215,1252,1259,1284,1300,1318,1336,1355,1376,1406,1439,1467
76,39035,0,0,0,0,0,0,0,0,0,0,0,0,0,0,0,0,0,0,0,0,0,0,0,0,0,0,0,0,0,0,0,0,0,0,0,0,0,0,0,0,0,0,0,0,0,0,0,0,3,3,3,6,11,11,24,31,38,53,69,92,125,149,167,206,259,330,370,440,493,527,589,663,780,781,826,871,911,960,1014,1052,1113,1152,1197,1239,1281,1331,1383,1453,1466,1577,1653,1713,1768,1817,1867,1902,1938,1984,2030,2126,2217,2305,2338,2398,2428,2542,2591,2668,2755,2795,2861,2908,2979,3066,3156,3223,3321,3410,3463,3512,3667,3762,3851,3927,3963
77,39061,0,0,0,0,0,0,0,0,0,0,0,0,0,0,0,0,0,0,0,0,0,0,0,0,0,0,0,0,0,0,0,0,0,0,0,0,0,0,0,0,0,0,0,0,0,0,0,0,0,0,0,0,0,0,0,0,0,1,7,8,19,26,38,48,53,63,71,85,101,124,154,178,203,288,319,394,411,437,473,504,529,535,558,576,594,615,658,701,718,735,768,785,868,932,975,1005,1048,1091,1150,1218,1297,1353,1380,1434,1480,1527,1572,1664,1731,1757,1823,1859,1886,1927,1961,2007,2047,2082,2138,2167,2228,2279,2349,2403,2458
78,12095,0,0,0,0,0,0,0,0,0,0,0,0,0,0,0,0,0,0,0,0,0,0,0,0,0,0,0,0,0,0,0,0,0,0,0,0,0,0,0,0,0,0,0,0,0,0,0,0,0,0,0,0,1,2,2,6,9,19,23,29,33,48,50,77,110,156,206,246,293,373,392,541,602,657,713,744,763,803,857,895,914,949,1024,1038,1073,1114,1158,1180,1198,1216,1235,1251,1274,1290,1304,1322,1339,1363,1371,1385,1413,1422,1434,1438,1446,1460,1474,1478,1505,1505,1512,1537,1553,1577,1615,1629,1655,1679,1699,1708,1726,1744,1768,1808,1831
79,48029,0,0,0,0,0,0,0,0,0,0,0,0,0,0,0,0,0,0,0,0,0,0,0,0,0,0,0,0,0,0,0,0,0,0,0,0,0,0,0,0,0,0,0,0,0,0,0,0,0,0,0,1,2,2,3,4,11,29,29,39,46,57,69,69,84,113,125,140,157,168,207,229,254,342,384,410,456,503,554,615,665,723,772,794,815,890,918,959,992,1015,1029,1080,1167,1334,1334,1334,1334,1275,1307,1374,1374,1477,1585,1585,1652,1677,1761,1805,1805,1835,1901,1901,1942,1976,1976,2120,2120,2120,2278,2278,2322,2371,2392,2418,2418
80,13121,0,0,0,0,0,0,0,0,0,0,0,0,0,0,0,0,0,0,0,0,0,0,0,0,0,0,0,0,0,0,0,0,0,0,0,0,0,0,0,0,0,2,2,2,2,3,3,5,5,7,6,8,13,20,27,33,49,66,88,99,111,145,184,198,211,307,373,407,463,570,624,712,882,941,962,1027,1124,1240,1276,1364,1422,1467,1598,1812,1844,1929,2025,2054,2110,2198,2208,2255,2436,2500,2543,2545,2680,2727,2770,2811,2882,2928,2979,3065,3164,3251,3258,3317,3385,3508,3516,3595,3614,3625,3703,3749,3761,3751,3795,3793,3872,3931,3977,4054,4080
81,16001,0,0,0,0,0,0,0,0,0,0,0,0,0,0,0,0,0,0,0,0,0,0,0,0,0,0,0,0,0,0,0,0,0,0,0,0,0,0,0,0,0,0,0,0,0,0,0,0,0,0,0,0,1,2,2,3,3,3,8,11,11,13,19,24,39,54,76,92,113,195,195,312,307,360,385,402,419,438,447,495,513,517,517,538,538,567,576,593,598,598,616,622,635,642,650,650,650,662,662,671,681,705,705,710,713,717,721,721,731,733,739,744,744,759,759,773,773,780,780,792,792,794,794,796,796
82,47037,0,0,0,0,0,0,0,0,0,0,0,0,0,0,0,0,0,0,0,0,0,0,0,0,0,0,0,0,0,0,0,0,0,0,0,0,0,0,0,0,0,0,0,0,0,0,1,1,1,2,6,10,14,14,25,42,58,75,101,140,167,164,253,257,293,312,376,394,443,541,673,785,685,741,801,819,888,946,1004,1048,1111,1349,1207,1237,1237,1283,1307,1465,1638,1675,1719,1719,1934,2011,2136,2236,2338,2383,2454,2612,2652,2773,2904,2999,3033,3128,3157,3300,3358,3401,3465,3580,3623,3745,3795,3872,3893,4066,4174,4174,4292,4396,4465,4518,4632
83,48113,0,0,0,0,0,0,0,0,0,0,0,0,0,0,0,0,0,0,0,0,0,0,0,0,0,0,0,0,0,0,0,0,0,0,0,0,0,0,0,0,0,0,0,0,0,0,0,0,0,2,3,8,9,11,19,28,39,59,74,95,131,155,169,247,303,367,439,488,549,631,731,831,921,1105,1112,1155,1261,1324,1432,1537,1644,1723,1788,1877,1986,2066,2190,2324,2428,2512,2512,2683,2763,2834,2909,3014,3014,3240,3240,3531,3718,3899,4133,4370,4623,4869,5120,5369,5619,5870,6123,6123,6602,6837,7036,7250,7455,7679,7904,7904,8273,8477,8649,8827,8998
84,48439,0,0,0,0,0,0,0,0,0,0,0,0,0,0,0,0,0,0,0,0,0,0,0,0,0,0,0,0,0,0,0,0,0,0,0,0,0,0,0,0,0,0,0,0,0,0,0,0,0,1,1,3,3,4,5,6,8,19,29,42,47,57,71,90,100,114,128,139,238,273,288,325,383,404,418,452,517,588,637,705,705,787,876,929,990,1093,1175,1229,1229,1242,1333,1333,1559,1706,1836,1947,1947,2019,2088,2246,2246,2388,2503,2584,2624,2686,2956,2956,3127,3210,3695,3745,3810,4076,4211,4266,4350,4447,4559,4643,4711,4711,4899,4951,4977
85,48121,0,0,0,0,0,0,0,0,0,0,0,0,0,0,0,0,0,0,0,0,0,0,0,0,0,0,0,0,0,0,0,0,0,0,0,0,0,0,0,0,0,0,0,0,0,0,0,0,0,0,0,0,0,0,1,1,5,9,15,24,30,30,38,51,83,137,148,165,165,206,206,254,273,273,304,337,366,366,426,426,454,474,507,507,521,547,564,585,592,593,598,619,661,680,680,702,713,725,738,748,765,786,799,803,806,832,846,872,902,914,922,946,968,989,1016,1040,1051,1069,1088,1116,1161,1161,1205,1212,1224
86,48157,0,0,0,0,0,0,0,0,0,0,0,0,0,0,0,0,0,0,0,0,0,0,0,0,0,0,0,0,0,0,0,0,0,0,0,0,0,0,0,0,0,0,0,1,1,3,6,6,6,6,6,9,9,9,9,9,12,19,24,29,29,29,46,46,86,101,101,119,119,163,163,194,221,255,268,318,318,417,437,485,518,536,543,543,627,627,656,755,755,783,808,808,889,889,905,919,952,957,973,1018,1052,1079,1133,1183,1187,1245,1287,1332,1357,1370,1385,1404,1404,1452,1471,1510,1558,1559,1559,1621,1652,1652,1676,1685,1685
87,55079,0,0,0,0,0,0,0,0,0,0,0,0,0,0,0,0,0,0,0,0,0,0,0,0,0,0,0,0,0,0,0,0,0,0,0,0,0,0,0,0,0,0,0,0,0,0,0,0,0,0,0,2,6,6,13,24,47,62,95,126,182,204,243,325,347,411,541,606,617,710,780,869,1023,1023,1190,1256,1323,1416,1484,1575,1653,1710,1743,1795,1870,1947,2013,2065,2150,2191,2234,2304,2382,2431,2525,2629,2674,2722,2815,2940,3044,3147,3244,3296,3353,3469,3573,3722,3854,3952,4022,4069,4215,4387,4535,4759,4945,5005,5076,5373,5556,5735,5987,6185,6352
88,53053,0,0,0,0,0,0,0,0,0,0,0,0,0,0,0,0,0,0,0,0,0,0,0,0,0,0,0,0,0,0,0,0,0,0,0,0,0,0,0,0,0,0,0,0,0,1,4,4,4,14,17,19,26,26,38,45,56,75,83,95,107,126,138,155,186,231,231,317,317,377,377,498,571,620,688,717,760,795,838,875,922,931,969,969,1000,1022,1086,1086,1143,1188,1219,1236,1192,1212,1235,1244,1263,1293,1306,1322,1339,1376,1393,1414,1433,1454,1496,1510,1539,1562,1582,1593,1604,1626,1636,1654,1680,1687,1704,1716,1719,1728,1728,1756,1762
89,48201,0,0,0,0,0,0,0,0,0,0,0,0,0,0,0,0,0,0,0,0,0,0,0,0,0,0,0,0,0,0,0,0,0,0,0,0,0,0,0,0,0,0,0,2,3,5,5,6,6,7,9,9,11,11,13,16,23,30,55,68,74,78,134,185,203,229,445,526,563,680,847,955,1106,1284,1395,1809,2146,2341,3047,3261,3561,3629,3744,3907,4097,4306,4460,4653,4823,4977,5143,5211,5330,5482,5482,5628,5628,5827,6161,6356,6551,6708,6838,6967,7128,7244,7377,7594,7803,7878,8176,8416,8621,8817,9050,9126,9465,9635,9859,10095,10283,10526,10770,10921,10995
90,53077,0,0,0,0,0,0,0,0,0,0,0,0,0,0,0,0,0,0,0,0,0,0,0,0,0,0,0,0,0,0,0,0,0,0,0,0,0,0,0,0,0,0,0,0,0,0,0,0,0,0,0,2,4,4,4,5,7,7,10,13,16,16,25,47,61,66,82,140,147,161,161,224,240,289,326,363,380,400,433,447,511,535,538,614,635,674,707,759,804,835,868,886,879,923,976,1015,1034,1046,1082,1128,1203,1272,1296,1372,1389,1449,1547,1579,1686,1781,1864,1916,1946,2002,2052,2217,2253,2370,2444,2518,2551,2594,2594,2812,2958
91,48453,0,0,0,0,0,0,0,0,0,0,0,0,0,0,0,0,0,0,0,0,0,0,0,0,0,0,0,0,0,0,0,0,0,0,0,0,0,0,0,0,0,0,0,0,0,0,0,0,0,0,0,2,3,3,6,10,23,41,58,62,62,79,86,98,119,160,179,200,206,244,244,351,351,430,484,502,502,554,597,642,690,744,774,856,900,977,1074,1074,1092,1108,1174,1233,1312,1379,1379,1396,1412,1464,1539,1654,1683,1714,1756,1816,1876,1946,2002,2071,2095,2127,2171,2235,2288,2345,2381,2425,2425,2459,2537,2595,2644,2644,2761,2788,2847
92,49035,0,0,0,0,0,0,0,0,0,0,0,0,0,0,0,0,0,0,0,0,0,0,0,0,0,0,0,0,0,0,0,0,0,0,0,0,0,0,0,0,0,0,0,0,0,0,0,0,0,0,0,1,1,14,16,20,22,29,44,57,80,109,124,151,178,218,276,321,360,396,396,476,541,650,741,777,807,858,858,1011,1071,1126,1157,1187,1285,1377,1456,1547,1615,1671,1714,1795,1889,1975,2051,2144,2190,2256,2348,2438,2526,2609,2707,2769,2832,2912,3010,3104,3206,3291,3365,3414,3530,3604,3709,3785,3883,3942,4019,4123,4217,4308,4441,4515,4583
93,53033,1,1,1,1,1,1,1,1,1,1,1,1,1,1,1,1,1,1,1,1,1,1,1,1,1,1,1,1,1,1,1,1,1,1,1,1,1,1,6,9,14,21,31,51,58,71,83,83,116,190,270,328,387,387,488,569,562,693,793,934,1040,1170,1170,1359,1577,1577,2077,2159,2161,2330,2330,2656,2787,2898,3167,3331,3486,3688,3886,4117,4262,4426,4426,4549,4620,4697,4902,4902,5174,5174,5293,5379,5532,5637,5739,5863,5945,6001,6103,6207,6274,6351,6449,6545,6621,6704,6809,6863,6947,7007,7068,7137,7212,7290,7325,7426,7472,7515,7565,7602,7630,7669,7669,7783,7826
94,53061,0,0,0,0,0,0,0,0,0,0,0,0,0,0,0,0,0,0,0,0,0,0,0,0,0,0,0,0,0,0,0,0,0,0,0,0,0,0,1,2,4,6,8,18,19,27,31,31,37,68,108,133,154,154,200,266,310,348,385,447,480,519,614,634,778,912,913,912,1068,1229,1304,1376,1376,1503,1559,1603,1659,1695,1745,1802,1835,1867,1907,1950,1988,2032,2056,2093,2143,2163,2189,2209,2216,2243,2297,2311,2332,2365,2389,2433,2453,2493,2509,2537,2549,2584,2627,2634,2664,2681,2690,2711,2720,2739,2756,2773,2784,2797,2818,2826,2846,2863,2863,2895,2904
95,42069,0,0,0,0,0,0,0,0,0,0,0,0,0,0,0,0,0,0,0,0,0,0,0,0,0,0,0,0,0,0,0,0,0,0,0,0,0,0,0,0,0,0,0,0,0,0,0,0,0,0,0,0,0,0,0,0,1,2,4,5,6,7,15,18,28,35,51,56,62,78,85,108,119,146,172,190,235,266,312,346,392,427,459,501,527,559,592,620,636,646,666,682,707,735,772,793,833,854,873,913,934,968,999,1017,1038,1076,1093,1114,1134,1172,1187,1211,1232,1256,1273,1327,1344,1363,1374,1400,1432,1451,1476,1491,1494
96,45079,0,0,0,0,0,0,0,0,0,0,0,0,0,0,0,0,0,0,0,0,0,0,0,0,0,0,0,0,0,0,0,0,0,0,0,0,0,0,0,0,0,0,0,0,0,0,0,0,0,0,0,0,0,0,0,1,4,8,22,27,29,43,45,59,59,65,81,95,135,148,176,200,224,242,298,311,340,340,417,452,479,494,494,535,548,579,612,626,652,657,657,725,736,766,787,837,840,864,884,899,913,946,964,977,990,1014,1043,1057,1082,1100,1119,1145,1167,1180,1196,1222,1238,1250,1267,1287,1302,1333,1349,1361,1366
97,04019,0,0,0,0,0,0,0,0,0,0,0,0,0,0,0,0,0,0,0,0,0,0,0,0,0,0,0,0,0,0,0,0,0,0,0,0,0,0,0,0,0,0,0,0,0,0,0,0,1,1,1,1,2,2,4,4,5,7,8,12,17,24,42,49,75,102,120,153,187,202,217,237,280,326,372,415,415,464,512,543,591,622,668,685,700,760,819,856,913,941,963,973,1026,1060,1090,1136,1164,1188,1215,1241,1267,1300,1326,1346,1379,1425,1465,1520,1554,1585,1602,1623,1661,1696,1750,1781,1814,1825,1888,1903,1944,1974,2002,2027,2046
98,06075,0,0,0,0,0,0,0,0,0,0,0,0,0,0,0,0,0,0,0,0,0,0,0,0,0,0,0,0,0,0,0,0,0,0,0,0,0,0,0,0,0,0,0,2,2,9,9,9,14,14,18,23,28,28,40,43,51,70,76,84,108,131,152,178,223,279,308,340,374,397,434,450,497,529,568,583,622,676,724,797,857,872,957,987,1013,1019,1058,1137,1157,1216,1231,1233,1302,1340,1354,1408,1424,1468,1490,1499,1523,1543,1602,1624,1728,1754,1806,1853,1891,1943,1954,1977,1994,1999,2026,2054,2091,2131,2179,2185,2198,2320,2350,2367,2386
99,08041,0,0,0,0,0,0,0,0,0,0,0,0,0,0,0,0,0,0,0,0,0,0,0,0,0,0,0,0,0,0,0,0,0,0,0,0,0,0,0,0,0,0,0,0,1,1,1,1,1,1,1,2,3,4,6,6,8,15,27,37,51,69,106,122,137,160,184,214,245,286,314,340,374,406,435,441,457,472,534,550,578,613,641,652,668,689,708,721,731,734,744,774,798,853,862,867,879,884,907,932,964,988,994,1005,1028,1055,1079,1097,1109,1124,1137,1157,1175,1204,1251,1291,1314,1348,1357,1386,1428,1460,1493,1505,1535
100,08001,0,0,0,0,0,0,0,0,0,0,0,0,0,0,0,0,0,0,0,0,0,0,0,0,0,0,0,0,0,0,0,0,0,0,0,0,0,0,0,0,0,0,0,0,0,0,0,0,0,0,2,3,6,6,8,10,10,10,12,14,18,25,27,38,50,71,95,110,152,181,212,260,294,320,354,367,388,417,475,543,593,647,693,726,758,805,860,894,915,968,996,1033,1082,1252,1302,1348,1391,1430,1490,1585,1665,1730,1780,1815,1883,1952,2046,2117,2205,2242,2278,2322,2374,2448,2520,2575,2613,2640,2675,2737,2759,2802,2856,2869,2908
101,12071,0,0,0,0,0,0,0,0,0,0,0,0,0,0,0,0,0,0,0,0,0,0,0,0,0,0,0,0,0,0,0,0,0,0,0,0,0,0,0,0,0,0,0,0,0,2,2,2,2,2,3,4,4,5,5,5,10,11,14,17,26,30,32,42,56,76,101,124,164,206,212,275,304,348,379,397,434,462,496,547,584,617,642,657,677,687,721,739,769,785,795,794,887,940,944,961,971,990,1003,1021,1067,1085,1118,1138,1160,1176,1212,1219,1249,1268,1285,1317,1332,1350,1385,1401,1456,1481,1520,1542,1585,1666,1677,1699,1736
102,09009,0,0,0,0,0,0,0,0,0,0,0,0,0,0,0,0,0,0,0,0,0,0,0,0,0,0,0,0,0,0,0,0,0,0,0,0,0,0,0,0,0,0,0,0,0,0,0,0,0,0,0,0,4,4,4,8,10,23,23,23,29,41,89,127,156,222,236,280,373,517,611,647,891,1024,1162,1468,1664,1664,2183,2383,2715,2946,3358,3543,3758,4163,4520,4743,4871,5272,5493,5811,6064,6286,6509,6715,6993,7089,7205,7536,7900,8024,8024,8110,8337,8419,8678,8887,9091,9209,9260,9430,9570,9712,9881,10075,10159,10338,10427,10587,10663,10756,10847,10905,11017
103,12057,0,0,0,0,0,0,0,0,0,0,0,0,0,0,0,0,0,0,0,0,0,0,0,0,0,0,0,0,0,0,0,0,0,0,0,0,0,0,0,0,1,2,2,2,2,2,2,2,2,3,2,3,2,4,4,7,14,20,32,47,58,75,91,106,142,167,195,218,253,305,309,404,463,497,536,571,608,626,644,671,690,759,813,819,869,878,924,943,960,973,979,982,1008,1022,1041,1048,1062,1080,1105,1124,1163,1240,1281,1300,1324,1331,1364,1371,1400,1432,1448,1473,1494,1530,1568,1585,1614,1653,1670,1703,1767,1790,1823,1883,1939
104,13089,0,0,0,0,0,0,0,0,0,0,0,0,0,0,0,0,0,0,0,0,0,0,0,0,0,0,0,0,0,0,0,0,0,0,0,0,0,0,0,0,0,0,0,0,0,0,0,0,2,2,4,5,8,10,10,15,18,22,36,41,53,75,94,116,129,181,240,272,281,335,365,396,448,500,543,579,645,706,742,795,835,869,980,1144,1191,1247,1349,1396,1452,1521,1534,1609,1689,1721,1788,1800,1855,1887,1970,2026,2072,2148,2183,2259,2284,2357,2396,2445,2489,2535,2555,2605,2632,2664,2751,2800,2802,2856,2918,2979,3038,3080,3146,3257,3305
105,13095,0,0,0,0,0,0,0,0,0,0,0,0,0,0,0,0,0,0,0,0,0,0,0,0,0,0,0,0,0,0,0,0,0,0,0,0,0,0,0,0,0,0,0,0,0,0,0,0,0,0,0,0,7,6,6,6,7,20,44,47,52,64,90,109,156,193,205,239,267,462,480,507,560,636,686,716,939,986,1020,1062,1076,1154,1217,1297,1308,1338,1381,1406,1422,1436,1446,1479,1478,1465,1470,1470,1480,1491,1499,1505,1530,1534,1536,1543,1550,1555,1566,1583,1587,1593,1609,1643,1644,1643,1662,1662,1661,1664,1668,1672,1716,1723,1725,1727,1730
106,47157,0,0,0,0,0,0,0,0,0,0,0,0,0,0,0,0,0,0,0,0,0,0,0,0,0,0,0,0,0,0,0,0,0,0,0,0,0,0,0,0,0,0,0,0,0,0,1,1,1,1,2,2,2,2,2,3,4,10,4,42,66,93,135,170,198,223,275,362,396,428,496,638,640,689,736,766,835,912,1006,1083,1147,1215,1331,1359,1359,1508,1492,1682,1778,1839,1873,1873,1953,2001,2086,2296,2327,2376,2432,2507,2599,2672,2815,2878,2901,3010,3066,3108,3189,3260,3372,3429,3475,3542,3595,3681,3726,3846,3936,3936,4033,4127,4225,4336,4451
107,44007,0,0,0,0,0,0,0,0,0,0,0,0,0,0,0,0,0,0,0,0,0,0,0,0,0,0,0,0,0,0,0,0,0,0,0,0,0,0,0,1,2,2,2,2,2,3,3,3,3,5,3,3,20,20,21,23,33,44,44,30,37,52,52,52,91,91,91,156,156,208,301,418,418,418,491,538,622,832,832,955,1278,1278,1278,1278,1957,2072,2703,2703,3014,3491,3727,4064,4350,4603,4916,5266,5427,5520,5967,6290,6579,6822,7028,7138,7138,7138,7138,7138,7138,7138,8674,8798,9112,9112,9112,9112,9112,9112,9112,9976,10160,10320,10519,10607,10607
108,42011,0,0,0,0,0,0,0,0,0,0,0,0,0,0,0,0,0,0,0,0,0,0,0,0,0,0,0,0,0,0,0,0,0,0,0,0,0,0,0,0,0,0,0,0,0,0,0,0,0,0,0,0,0,0,0,0,1,1,5,7,13,14,16,20,36,65,65,68,82,110,151,168,201,235,276,326,369,416,616,720,930,1035,1150,1247,1335,1419,1537,1748,1898,1945,1988,2069,2212,2339,2406,2491,2526,2605,2637,2698,2748,2810,2886,2948,3004,3048,3095,3190,3257,3371,3417,3453,3485,3530,3593,3643,3677,3719,3735,3763,3784,3838,3845,3885,3903
109,46099,0,0,0,0,0,0,0,0,0,0,0,0,0,0,0,0,0,0,0,0,0,0,0,0,0,0,0,0,0,0,0,0,0,0,0,0,0,0,0,0,0,0,0,0,0,0,0,0,0,3,3,3,3,3,4,5,5,5,5,5,5,5,5,13,16,18,21,25,28,31,40,54,68,81,104,140,165,228,274,352,438,527,654,768,934,1065,1157,1276,1362,1405,1469,1555,1636,1707,1796,1854,1880,1939,1984,2038,2089,2123,2142,2170,2195,2231,2332,2535,2767,2867,2952,2978,3017,3050,3101,3119,3135,3150,3165,3182,3182,3211,3248,3260,3274
