,FIPS,03-01-2020,03-02-2020,03-03-2020,03-04-2020,03-05-2020,03-06-2020,03-07-2020,03-08-2020,03-09-2020,03-10-2020,03-11-2020,03-12-2020,03-13-2020,03-14-2020,03-15-2020,03-16-2020,03-17-2020,03-18-2020,03-19-2020,03-20-2020,03-21-2020,03-22-2020,03-23-2020,03-24-2020,03-25-2020,03-26-2020,03-27-2020,03-28-2020,03-29-2020,03-30-2020,03-31-2020,04-01-2020,04-02-2020,04-03-2020,04-04-2020,04-05-2020,04-06-2020,04-07-2020,04-08-2020,04-09-2020,04-10-2020,04-11-2020,04-12-2020,04-13-2020,04-14-2020,04-15-2020,04-16-2020,04-17-2020,04-18-2020,04-19-2020,04-21-2020,04-22-2020,04-23-2020,04-24-2020,04-25-2020,04-26-2020,04-27-2020,04-28-2020,04-29-2020,04-30-2020,05-01-2020,05-02-2020,05-03-2020,05-04-2020
0,17031,4.354,5.981,5.934,6.051,6.236000000000001,6.55,5.524,4.273,5.417999999999999,5.858,5.837999999999999,5.818,5.755,3.4539999999999997,2.065,3.551,2.214,1.3130000000000002,1.281,2.0180000000000002,0.08900000000000001,0.027999999999999997,0.054000000000000006,0.092,0.33899999999999997,0.053,0.126,0.037000000000000005,0.028999999999999998,0.052000000000000005,0.048,0.098,0.19,0.42700000000000005,0.043,0.034,0.057999999999999996,0.244,0.057999999999999996,0.051,0.32,0.069,0.032,0.046,0.045,0.044000000000000004,0.08900000000000001,0.075,0.161,0.042,0.449,0.385,0.498,0.602,0.047,0.06,0.311,0.539,0.098,0.614,1.882,1.4040000000000001,0.467,0.179
1,17197,6.422000000000001,9.834,10.169,10.096,10.606,11.186,9.437000000000001,6.486000000000001,9.01,9.889,9.874,9.703,9.454,5.732,3.53,6.814,4.755,3.531,3.359,4.78,1.227,0.036000000000000004,0.573,0.956,1.7180000000000002,0.9259999999999999,1.59,0.106,0.040999999999999995,0.927,0.956,1.3259999999999998,1.703,2.065,0.433,0.14400000000000002,1.092,1.557,1.4140000000000001,1.261,2.622,1.2919999999999998,0.05,0.996,1.109,1.1079999999999999,1.9409999999999998,1.642,1.6869999999999998,0.51,2.678,3.097,3.2060000000000004,3.3539999999999996,0.879,0.9059999999999999,2.55,2.89,2.222,2.8560000000000003,4.396,3.0239999999999996,1.834,2.263
2,17043,5.297999999999999,7.1979999999999995,7.415,7.318,7.678,8.111,6.632999999999999,5.062,6.691,7.119,7.303999999999999,7.079,6.6979999999999995,3.915,2.457,4.166,2.909,1.9380000000000002,1.814,2.9360000000000004,0.397,0.033,0.083,0.298,0.631,0.128,0.38,0.048,0.034,0.254,0.126,0.433,0.6459999999999999,0.8959999999999999,0.084,0.051,0.27699999999999997,0.504,0.316,0.222,0.904,0.49,0.04,0.091,0.11699999999999999,0.07400000000000001,0.486,0.47100000000000003,0.652,0.10800000000000001,0.9890000000000001,0.915,1.22,1.34,0.11199999999999999,0.303,0.807,0.9490000000000001,0.42700000000000005,1.0190000000000001,2.5140000000000002,1.814,1.111,0.612
3,01073,7.8660000000000005,9.433,9.951,9.697000000000001,10.07,11.855,10.639000000000001,8.125,10.021,10.026,10.005,10.589,11.042,8.355,5.164,8.311,6.892,6.0489999999999995,6.415,6.813,3.971,1.724,3.2539999999999996,4.082,4.46,4.66,4.993,3.335,1.922,3.767,3.225,4.546,4.677,5.2379999999999995,3.595,0.623,3.27,2.991,3.292,4.034,5.193,3.9139999999999997,0.045,4.102,4.442,4.838,5.231,6.017,4.391,0.067,5.3260000000000005,4.994,4.192,6.205,4.703,2.594,5.254,5.5360000000000005,4.8919999999999995,6.667000000000001,8.802,6.388,4.779,6.255
4,26161,4.7010000000000005,7.306,7.827999999999999,7.428,8.236,8.716000000000001,6.6770000000000005,4.691,6.605,6.609,6.611000000000001,6.497999999999999,6.638999999999999,3.032,1.771,4.03,2.371,1.6119999999999999,1.7380000000000002,2.5140000000000002,0.07400000000000001,0.044000000000000004,0.568,0.037000000000000005,0.084,0.042,0.047,0.031,0.032,0.036000000000000004,0.04,0.042,0.07400000000000001,0.19,0.042,0.038,0.039,0.04,0.05,0.035,0.04,0.04,0.027000000000000003,0.03,0.034,0.032,0.036000000000000004,0.032,0.036000000000000004,0.032,0.045,0.046,0.05,0.22,0.046,0.043,0.192,0.344,0.068,0.129,1.9140000000000001,0.899,0.5920000000000001,0.239
5,26163,3.0810000000000004,6.122000000000001,6.178,6.3260000000000005,6.4879999999999995,6.737,5.021,3.159,6.005,5.934,6.144,5.877999999999999,5.372000000000001,2.445,0.9309999999999999,3.097,2.055,1.2329999999999999,1.08,1.288,0.047,0.036000000000000004,0.17300000000000001,0.031,0.04,0.034,0.037000000000000005,0.027000000000000003,0.027999999999999997,0.031,0.031,0.033,0.042,0.047,0.032,0.03,0.034,0.033,0.042,0.032,0.034,0.033,0.026000000000000002,0.027999999999999997,0.033,0.032,0.035,0.032,0.034,0.03,0.040999999999999995,0.044000000000000004,0.045,0.11199999999999999,0.045,0.035,0.08,0.18100000000000002,0.047,0.096,1.123,0.562,0.27399999999999997,0.081
6,36029,2.346,4.948,5.04,5.023,5.407,5.428,4.208,2.707,4.96,5.008,5.053999999999999,5.354,5.06,3.2030000000000003,1.214,3.3339999999999996,2.2030000000000003,1.304,1.131,1.0959999999999999,0.044000000000000004,0.036000000000000004,0.042,0.045,0.071,0.06,0.128,0.033,0.034,0.035,0.04,0.05,0.057999999999999996,0.055,0.042,0.034,0.048,0.055999999999999994,0.045,0.038,0.04,0.037000000000000005,0.031,0.031,0.043,0.04,0.04,0.047,0.039,0.027999999999999997,0.055,0.078,0.07400000000000001,0.37799999999999995,0.11,0.028999999999999998,0.149,0.19399999999999998,0.133,0.11199999999999999,0.628,0.556,0.532,0.096
7,25027,3.88,7.312,7.124,7.365,7.791,8.326,6.2589999999999995,3.9960000000000004,7.063,7.202000000000001,7.172000000000001,7.216,6.218999999999999,3.98,1.825,3.6830000000000003,2.108,2.039,1.601,2.819,0.46,0.076,0.37,0.086,0.057,0.33299999999999996,0.5920000000000001,0.061,0.031,0.052000000000000005,0.094,0.09,0.079,0.055999999999999994,0.059000000000000004,0.043,0.14800000000000002,0.382,0.061,0.043,0.276,0.084,0.037000000000000005,0.036000000000000004,0.272,0.135,0.107,0.396,0.032,0.051,0.24600000000000002,0.74,1.222,0.575,0.713,0.042,0.07,0.968,1.2890000000000001,0.534,1.439,1.642,1.232,0.978
8,01097,7.37,9.452,9.482000000000001,8.865,9.899,11.300999999999998,9.834,7.438,9.418,9.662,9.802,10.333,11.06,8.311,6.332000000000001,9.016,8.057,7.12,7.138,7.683,4.561,2.682,5.915,5.896,5.577999999999999,5.8,6.444,4.058,2.0980000000000003,4.601,4.208,5.276,5.178999999999999,5.766,3.193,0.758,4.129,4.133,4.515,5.052,5.48,3.5780000000000003,0.26,4.605,4.729,5.129,5.43,6.145,3.6510000000000002,1.102,5.874,6.122999999999999,3.977,6.972,5.001,3.11,5.69,6.279,4.796,7.412999999999999,8.469,6.7589999999999995,5.437,6.888999999999999
9,25013,2.887,4.829,4.952,4.981,5.19,5.572,4.315,3.068,4.8069999999999995,4.936,4.851,5.111000000000001,4.873,2.951,1.232,3.162,1.8659999999999999,1.972,1.416,2.24,0.14800000000000002,0.049,0.081,0.084,0.08900000000000001,0.40399999999999997,0.8079999999999999,0.047,0.03,0.055,0.077,0.363,0.092,0.1,0.05,0.039,0.19,0.196,0.078,0.052000000000000005,0.235,0.053,0.034,0.036000000000000004,0.171,0.4,0.18600000000000003,0.564,0.036000000000000004,0.052000000000000005,0.17600000000000002,0.77,1.124,0.424,0.5660000000000001,0.039,0.135,0.887,1.166,0.389,1.568,1.524,1.186,0.992
10,25009,3.7460000000000004,5.978,6.295,6.105,6.306,6.891,5.61,4.023,5.886,6.066,5.954,5.836,5.228,3.263,1.989,3.2239999999999998,1.818,1.896,1.391,2.61,0.6559999999999999,0.20800000000000002,0.528,0.20600000000000002,0.106,0.396,0.7709999999999999,0.151,0.031,0.047,0.17800000000000002,0.075,0.053,0.047,0.205,0.040999999999999995,0.24,0.302,0.063,0.04,0.395,0.253,0.039,0.031,0.326,0.135,0.085,0.599,0.035,0.066,0.268,0.49,1.057,0.324,0.8490000000000001,0.043,0.05,0.5710000000000001,1.046,0.574,0.924,1.318,1.183,0.807
11,36119,3.903,6.522,6.386,6.47,6.961,6.893,5.1339999999999995,3.342,5.903,5.899,5.791,5.183,4.659,3.025,1.579,2.7430000000000003,1.618,1.435,1.1340000000000001,1.756,0.447,0.055999999999999994,0.032,0.076,0.043,0.11599999999999999,0.28,0.034,0.027000000000000003,0.04,0.044000000000000004,0.057999999999999996,0.053,0.040999999999999995,0.07,0.038,0.055999999999999994,0.066,0.044000000000000004,0.034,0.052000000000000005,0.061,0.032,0.027000000000000003,0.07,0.057999999999999996,0.061,0.11599999999999999,0.037000000000000005,0.048,0.059000000000000004,0.16699999999999998,0.125,0.07400000000000001,0.52,0.03,0.066,0.556,0.136,0.048,0.486,1.1079999999999999,0.7559999999999999,0.306
12,25005,4.226,6.776,7.148,6.824,7.37,7.898,5.602,4.204,6.95,7.21,7.002000000000001,6.77,6.403,4.297,2.2769999999999997,4.251,2.6060000000000003,2.8760000000000003,2.22,3.5589999999999997,1.085,0.28,1.4240000000000002,0.653,0.35200000000000004,0.9740000000000001,1.6840000000000002,0.303,0.033,0.213,0.462,0.474,0.488,0.218,0.109,0.05,0.7020000000000001,1.104,0.196,0.063,1.062,0.7879999999999999,0.045,0.036000000000000004,1.069,0.44799999999999995,0.7509999999999999,1.435,0.040999999999999995,0.147,0.88,1.7109999999999999,1.808,0.9109999999999999,1.604,0.043,0.568,1.885,1.9409999999999998,1.5619999999999998,2.0,2.449,1.8980000000000001,1.6480000000000001
13,25021,4.176,6.716,6.507000000000001,6.362,7.01,7.506,5.922000000000001,4.1530000000000005,6.505,6.4239999999999995,6.388,5.96,5.147,3.483,1.935,2.787,1.1079999999999999,1.266,0.47200000000000003,1.939,0.376,0.077,0.076,0.055999999999999994,0.047,0.085,0.332,0.078,0.027999999999999997,0.039,0.063,0.047,0.045,0.037000000000000005,0.067,0.038,0.062,0.11199999999999999,0.043,0.034,0.094,0.07200000000000001,0.035,0.027999999999999997,0.076,0.047,0.048,0.10099999999999999,0.03,0.044000000000000004,0.053,0.07,0.228,0.057999999999999996,0.364,0.033,0.037000000000000005,0.192,0.337,0.085,0.436,0.812,0.611,0.155
14,04013,5.3870000000000005,8.437999999999999,8.546,8.673,9.138,9.712,7.912999999999999,5.561,8.211,8.162,7.876,7.57,7.8839999999999995,5.813,3.8369999999999997,6.367000000000001,5.399,3.986,3.372,4.494,1.933,0.755,2.425,2.174,2.296,2.039,2.385,1.114,0.293,1.5930000000000002,1.575,0.95,1.178,1.79,0.762,0.069,0.915,1.037,1.031,1.13,2.094,0.785,0.046,1.0,1.156,1.6280000000000001,1.8019999999999998,2.597,1.341,0.27399999999999997,1.244,1.3719999999999999,1.432,1.84,0.8809999999999999,0.07,1.097,1.327,1.54,2.0269999999999997,3.742,1.974,0.856,1.444
15,18097,4.598,6.722,7.166,7.184,7.513999999999999,7.836,5.99,4.77,6.672999999999999,6.938,6.98,7.142,6.976,3.242,2.055,4.89,4.05,3.07,2.98,3.458,0.696,0.055,1.906,1.124,0.382,0.44,0.47600000000000003,0.052000000000000005,0.042,0.348,0.19899999999999998,0.35700000000000004,0.745,1.3359999999999999,0.08900000000000001,0.046,0.514,0.831,0.777,0.525,1.369,0.313,0.038,0.20800000000000002,0.517,0.518,0.6679999999999999,0.782,0.652,0.051,2.089,2.702,1.65,2.66,0.754,0.08199999999999999,2.285,2.548,1.811,2.826,4.502,3.407,0.9159999999999999,2.412
16,18057,6.312,8.714,9.229,9.171,9.503,9.958,8.302,6.1,8.344,8.766,9.061,8.4,7.813,4.482,3.11,5.8839999999999995,4.243,3.1060000000000003,3.344,4.132,1.643,0.24600000000000002,2.123,1.6340000000000001,0.677,0.722,0.49200000000000005,0.17600000000000002,0.055999999999999994,0.5539999999999999,0.584,0.51,1.445,1.893,0.542,0.085,1.073,1.354,1.37,0.915,2.137,1.4140000000000001,0.040999999999999995,0.754,0.797,0.6859999999999999,1.294,1.7790000000000001,1.96,0.478,2.215,3.0410000000000004,1.912,3.6,2.031,0.47700000000000004,3.031,3.0580000000000003,2.4459999999999997,2.41,4.341,3.9139999999999997,1.952,3.17
17,18089,4.742,7.041,7.532,7.1,7.4,8.043,6.734,4.821000000000001,6.474,6.874,6.934,7.291,7.518,4.5969999999999995,2.7769999999999997,5.341,4.103,3.029,2.932,3.696,0.556,0.045,1.444,1.4980000000000002,1.064,0.696,1.2890000000000001,0.06,0.037000000000000005,0.6709999999999999,0.569,1.07,1.367,1.9140000000000001,0.08,0.05,1.048,1.3330000000000002,1.262,0.794,1.38,0.594,0.040999999999999995,0.669,0.9209999999999999,0.81,1.568,0.929,0.856,0.11199999999999999,2.48,2.3409999999999997,2.5610000000000004,2.56,0.43,0.311,2.235,2.622,1.635,2.399,4.104,3.142,1.605,2.22
18,17097,5.763999999999999,8.698,8.581,8.797,9.093,9.452,8.199,5.872999999999999,8.113,8.746,8.635,8.165,7.8660000000000005,4.725,2.926,4.843999999999999,3.34,2.227,2.166,3.51,0.43799999999999994,0.037000000000000005,0.086,0.33899999999999997,0.982,0.161,0.491,0.047,0.036000000000000004,0.128,0.16699999999999998,0.376,0.611,0.877,0.128,0.069,0.324,0.645,0.308,0.263,1.084,0.716,0.044000000000000004,0.158,0.114,0.302,0.619,0.7559999999999999,0.961,0.21100000000000002,1.12,0.98,1.39,1.585,0.28800000000000003,0.556,0.991,1.0,0.636,1.126,2.966,2.339,1.695,0.815
19,34017,1.768,3.64,3.623,3.6660000000000004,3.762,3.763,2.7960000000000003,1.724,3.522,3.385,3.392,3.306,2.9419999999999997,1.584,0.40399999999999997,1.3519999999999999,0.41200000000000003,0.386,0.183,0.389,0.032,0.022000000000000002,0.024,0.032,0.026000000000000002,0.03,0.031,0.02,0.017,0.024,0.023,0.025,0.026000000000000002,0.024,0.022000000000000002,0.019,0.024,0.025,0.022000000000000002,0.021,0.022000000000000002,0.021,0.018000000000000002,0.018000000000000002,0.025,0.023,0.024,0.025,0.02,0.019,0.026000000000000002,0.03,0.03,0.027999999999999997,0.027999999999999997,0.018000000000000002,0.025,0.034,0.027999999999999997,0.027000000000000003,0.036000000000000004,0.044000000000000004,0.028999999999999998,0.03
20,32031,3.4189999999999996,6.667999999999999,6.6770000000000005,6.622000000000001,6.992000000000001,7.2379999999999995,5.5360000000000005,4.506,6.406000000000001,6.805,6.731,6.986000000000001,7.32,4.082,2.353,5.457999999999999,4.013999999999999,3.648,2.9530000000000003,4.096,0.763,0.54,1.8980000000000001,1.486,1.975,1.6869999999999998,2.633,0.5489999999999999,0.06,1.32,1.56,1.484,1.734,2.247,0.268,0.035,0.643,0.764,1.348,1.214,2.369,0.718,0.043,1.296,1.537,1.788,2.226,2.588,1.038,0.128,1.337,1.5090000000000001,1.4380000000000002,1.7519999999999998,0.528,0.212,1.278,1.555,1.7719999999999998,2.191,3.676,1.652,1.526,2.262
21,36001,2.616,4.68,4.7780000000000005,4.486000000000001,5.129,5.428,3.992,2.55,4.742,4.672,4.8,4.96,4.958,2.39,0.899,2.908,1.515,1.08,0.792,1.149,0.055999999999999994,0.04,0.035,0.045,0.059000000000000004,0.10400000000000001,0.212,0.038,0.03,0.04,0.049,0.066,0.055999999999999994,0.055,0.048,0.035,0.062,0.09300000000000001,0.052000000000000005,0.04,0.053,0.04,0.032,0.033,0.059000000000000004,0.055999999999999994,0.048,0.07,0.036000000000000004,0.040999999999999995,0.094,0.201,0.452,0.386,0.47200000000000003,0.036000000000000004,0.06,0.5,0.392,0.293,0.733,0.9620000000000001,0.633,0.06
22,32003,4.812,7.212000000000001,7.244,7.206,7.515,7.726,6.229,5.196000000000001,7.005,6.962000000000001,6.922999999999999,7.053999999999999,7.037000000000001,5.073,3.79,5.792999999999999,4.466,2.917,1.469,2.378,0.255,0.078,0.5820000000000001,0.57,0.48,0.475,1.0,0.14300000000000002,0.036000000000000004,0.33,0.402,0.508,0.4,0.8109999999999999,0.114,0.033,0.12300000000000001,0.128,0.09300000000000001,0.121,0.675,0.142,0.028999999999999998,0.244,0.262,0.652,0.62,1.103,0.223,0.046,0.177,0.284,0.2,0.39,0.06,0.035,0.235,0.19,0.4,0.574,1.744,0.6970000000000001,0.23399999999999999,0.359
23,34031,3.022,5.742000000000001,5.382999999999999,5.734,6.107,6.111000000000001,4.664,2.7939999999999996,5.428999999999999,5.318,5.518,5.343999999999999,4.7669999999999995,3.063,1.128,2.926,1.469,1.228,0.75,1.3619999999999999,0.069,0.031,0.033,0.052000000000000005,0.038,0.054000000000000006,0.18,0.028999999999999998,0.025,0.035,0.038,0.040999999999999995,0.043,0.038,0.039,0.03,0.046,0.045,0.037000000000000005,0.032,0.035,0.034,0.027000000000000003,0.026000000000000002,0.045,0.040999999999999995,0.040999999999999995,0.043,0.03,0.03,0.048,0.081,0.07200000000000001,0.055999999999999994,0.067,0.025,0.046,0.36,0.063,0.040999999999999995,0.218,0.354,0.11800000000000001,0.16699999999999998
24,34039,3.315,6.042000000000001,5.8389999999999995,6.435,6.452999999999999,6.572,4.946000000000001,3.304,5.496,5.485,5.476,5.332000000000001,4.666,2.931,1.364,2.908,1.585,1.327,1.18,1.7180000000000002,0.17800000000000002,0.036000000000000004,0.037000000000000005,0.131,0.044000000000000004,0.14800000000000002,0.218,0.031,0.027000000000000003,0.04,0.040999999999999995,0.051,0.052000000000000005,0.046,0.042,0.032,0.055999999999999994,0.055999999999999994,0.045,0.038,0.039,0.039,0.027999999999999997,0.027999999999999997,0.049,0.053,0.049,0.068,0.034,0.033,0.062,0.198,0.177,0.067,0.242,0.027999999999999997,0.059000000000000004,0.48100000000000004,0.19399999999999998,0.091,0.5489999999999999,0.613,0.226,0.134
25,34013,2.551,4.777,4.678,4.748,5.0280000000000005,4.805,3.767,2.5580000000000003,4.416,4.275,4.4430000000000005,4.039,3.805,2.278,0.865,1.9709999999999999,0.706,0.674,0.43700000000000006,1.056,0.063,0.027999999999999997,0.03,0.045,0.034,0.049,0.061,0.027999999999999997,0.023,0.032,0.032,0.036000000000000004,0.035,0.035,0.034,0.027000000000000003,0.037000000000000005,0.04,0.035,0.031,0.031,0.032,0.026000000000000002,0.023,0.037000000000000005,0.037000000000000005,0.036000000000000004,0.038,0.027999999999999997,0.027000000000000003,0.039,0.051,0.053,0.04,0.054000000000000006,0.023,0.038,0.113,0.048,0.038,0.076,0.209,0.054000000000000006,0.043
26,25017,3.972,5.941,5.9910000000000005,5.8629999999999995,6.472,6.755,5.466,3.7960000000000003,5.67,5.742999999999999,5.841,5.4479999999999995,4.728,2.9189999999999996,1.4509999999999998,2.5540000000000003,1.0590000000000002,1.169,0.478,1.625,0.204,0.055,0.066,0.049,0.040999999999999995,0.062,0.225,0.06,0.026000000000000002,0.036000000000000004,0.052000000000000005,0.046,0.04,0.035,0.055999999999999994,0.036000000000000004,0.055,0.057999999999999996,0.04,0.032,0.063,0.057999999999999996,0.035,0.027000000000000003,0.057,0.047,0.045,0.078,0.03,0.047,0.054000000000000006,0.07,0.319,0.057999999999999996,0.38299999999999995,0.033,0.036000000000000004,0.11699999999999999,0.276,0.075,0.363,0.893,0.696,0.136
27,34021,3.8310000000000004,6.119,6.0329999999999995,6.212000000000001,6.523,6.702000000000001,5.461,3.85,6.086,5.89,5.771,5.861000000000001,5.329,3.5010000000000003,1.849,3.128,1.755,1.43,1.0,2.0180000000000002,0.276,0.037000000000000005,0.035,0.096,0.039,0.281,0.413,0.031,0.028999999999999998,0.044000000000000004,0.042,0.065,0.06,0.087,0.052000000000000005,0.04,0.078,0.135,0.051,0.042,0.046,0.057,0.032,0.027999999999999997,0.064,0.055,0.055999999999999994,0.08,0.037000000000000005,0.040999999999999995,0.073,0.326,0.313,0.099,0.424,0.028999999999999998,0.079,0.6,0.306,0.063,0.74,0.993,0.35,0.20600000000000002
28,06001,3.6839999999999997,6.182,6.271,6.209,6.654,6.704,4.869,3.408,5.5,5.8,5.5520000000000005,5.361000000000001,5.254,2.501,1.304,3.7489999999999997,0.451,0.68,0.327,1.1320000000000001,0.052000000000000005,0.046,0.09,0.042,0.22899999999999998,0.098,0.303,0.031,0.027999999999999997,0.05,0.079,0.07400000000000001,0.109,0.28300000000000003,0.028999999999999998,0.022000000000000002,0.031,0.063,0.039,0.040999999999999995,0.35,0.036000000000000004,0.024,0.054000000000000006,0.046,0.069,0.057,0.27,0.042,0.032,0.037000000000000005,0.04,0.039,0.049,0.033,0.026000000000000002,0.036000000000000004,0.034,0.043,0.053,0.316,0.05,0.045,0.037000000000000005
29,06059,4.981,7.135,7.364,7.442,7.8870000000000005,8.122,7.227,5.364,6.972,7.051,7.331,6.632000000000001,6.586,4.355,3.075,5.053999999999999,4.245,3.1830000000000003,2.21,2.966,1.61,0.652,1.349,1.1520000000000001,1.3980000000000001,1.2429999999999999,1.786,0.804,0.222,0.89,0.975,1.124,1.101,1.6469999999999998,0.878,0.047,0.16,0.305,0.6970000000000001,0.078,1.496,0.985,0.032,0.792,0.938,1.234,1.436,2.09,0.745,0.514,0.6859999999999999,0.738,0.688,1.156,0.662,0.069,0.733,0.669,1.081,1.247,2.2840000000000003,1.187,0.9590000000000001,0.948
30,06013,4.277,7.183,7.574,7.593,7.973,8.116,6.104,4.086,6.683,7.319,6.867999999999999,6.667999999999999,6.51,3.24,1.839,4.527,1.008,1.21,0.845,1.8030000000000002,0.442,0.282,0.506,0.20800000000000002,0.613,0.48,1.131,0.042,0.037000000000000005,0.462,0.546,0.504,0.654,1.2,0.039,0.027000000000000003,0.057,0.424,0.354,0.28300000000000003,1.143,0.35700000000000004,0.032,0.485,0.479,0.59,0.62,1.33,0.431,0.142,0.258,0.163,0.168,0.45,0.068,0.036000000000000004,0.096,0.125,0.308,0.424,1.26,0.442,0.462,0.34600000000000003
31,22071,7.721,4.346,3.29,4.966,4.612,4.507,4.42,7.916,5.199,4.045,4.5360000000000005,4.515,5.2,4.703,6.18,4.029,2.551,1.8359999999999999,1.232,1.2819999999999998,0.064,0.05,0.08800000000000001,0.062,0.132,0.188,0.348,0.057999999999999996,0.04,0.052000000000000005,0.065,0.10400000000000001,0.161,0.331,0.055999999999999994,0.04,0.043,0.076,0.078,0.11199999999999999,0.242,0.064,0.034,0.059000000000000004,0.14300000000000002,0.29600000000000004,0.22,0.446,0.040999999999999995,0.037000000000000005,0.79,0.6859999999999999,0.29100000000000004,0.816,0.26,0.064,0.433,0.5589999999999999,0.18600000000000003,1.926,2.104,1.666,0.645,0.667
32,21111,5.769,7.5,7.999,8.076,8.396,8.729,7.028,6.483,7.572,7.732,8.151,7.603,7.5520000000000005,4.018,2.6289999999999996,5.199,4.444,3.533,3.43,4.246,1.224,0.433,2.436,1.286,2.105,1.976,2.233,1.089,0.309,1.3980000000000001,1.0590000000000002,1.188,1.768,2.508,0.985,0.315,1.244,1.2990000000000002,1.344,1.348,2.074,1.092,0.040999999999999995,0.644,0.9129999999999999,1.354,1.724,1.661,1.254,0.084,2.373,3.123,1.6780000000000002,3.0980000000000003,0.915,0.07400000000000001,2.378,2.656,2.167,2.838,4.463,3.195,1.0490000000000002,2.374
33,22051,4.407,6.63,6.84,6.566,7.028,7.516,6.309,4.779,6.582000000000001,6.68,6.809,6.7829999999999995,6.771,4.936,3.286,4.813,3.95,3.247,3.2969999999999997,3.718,1.484,0.8220000000000001,1.786,1.18,1.396,1.4369999999999998,1.67,0.82,0.221,0.9540000000000001,1.13,1.3769999999999998,1.3259999999999998,1.905,0.762,0.364,0.986,1.13,1.472,1.4580000000000002,1.8630000000000002,1.101,0.043,1.5319999999999998,1.508,1.87,1.973,2.603,0.772,0.316,2.7060000000000004,2.653,2.001,3.082,1.8430000000000002,0.971,2.397,2.537,1.8630000000000002,3.3310000000000004,3.995,2.918,2.081,2.452
34,22033,6.303,7.566,7.72,7.318,8.203,9.008,7.882000000000001,6.4670000000000005,7.691,7.632999999999999,8.075,8.095,8.369,6.372000000000001,4.93,6.593999999999999,5.348,4.534,4.723,5.215,2.394,1.2570000000000001,2.9610000000000003,1.308,1.995,1.868,2.335,1.375,0.426,1.413,1.439,1.952,2.049,2.73,1.227,0.528,1.8730000000000002,1.828,1.9680000000000002,2.3169999999999997,2.873,2.049,0.047,2.0540000000000003,2.271,2.6519999999999997,2.8569999999999998,3.6660000000000004,1.79,0.322,3.352,3.42,2.574,3.878,2.687,1.3090000000000002,3.458,2.984,2.978,4.546,5.9639999999999995,4.114,2.625,3.4939999999999998
35,06029,3.219,5.9079999999999995,6.146,6.02,6.268,6.648,4.776,3.1180000000000003,5.482,5.773,5.579,6.013,6.122999999999999,3.56,2.487,5.025,4.629,3.8510000000000004,2.955,2.964,0.888,0.306,1.5190000000000001,1.652,1.891,1.9680000000000002,2.544,0.662,0.079,1.426,1.5,1.5959999999999999,1.659,2.161,0.63,0.049,0.584,1.127,0.444,0.5770000000000001,1.841,0.541,0.043,1.0759999999999998,1.462,1.891,2.044,2.316,0.773,0.294,1.661,1.67,1.757,2.12,0.742,0.067,1.2590000000000001,1.544,1.649,2.377,3.196,1.739,1.204,1.723
36,06037,3.9960000000000004,6.502000000000001,6.591,6.595,7.007999999999999,7.351,6.024,4.202,6.14,6.178,6.422000000000001,5.775,5.67,3.175,1.972,3.872,2.909,2.783,1.696,2.12,0.43200000000000005,0.06,0.528,0.46,0.618,0.494,1.023,0.09699999999999999,0.038,0.231,0.314,0.341,0.39,0.769,0.114,0.031,0.046,0.048,0.065,0.034,0.428,0.10099999999999999,0.027000000000000003,0.145,0.215,0.298,0.43700000000000006,0.89,0.085,0.045,0.131,0.10800000000000001,0.09,0.218,0.052000000000000005,0.032,0.08199999999999999,0.08900000000000001,0.22,0.384,1.114,0.326,0.079,0.10300000000000001
37,06073,4.555,7.409,7.627000000000001,7.675,8.11,8.71,7.017,5.102,7.209,7.132999999999999,7.47,6.6979999999999995,6.8260000000000005,4.066,2.597,5.127999999999999,3.8480000000000003,2.616,2.053,2.215,0.795,0.38799999999999996,0.774,0.7759999999999999,0.841,0.647,1.3,0.369,0.07200000000000001,0.537,0.523,0.626,0.7,1.1320000000000001,0.217,0.038,0.061,0.066,0.134,0.099,0.08900000000000001,0.435,0.028999999999999998,0.33799999999999997,0.494,0.58,0.7509999999999999,1.25,0.262,0.054000000000000006,0.38,0.40700000000000003,0.386,0.625,0.092,0.039,0.324,0.312,0.51,0.9490000000000001,1.9780000000000002,0.917,0.5920000000000001,0.49700000000000005
38,36061,0.462,1.896,1.8430000000000002,2.023,2.046,1.966,1.016,0.606,1.953,1.713,1.855,1.614,1.403,0.33,0.07,0.302,0.08800000000000001,0.08199999999999999,0.051,0.057,0.025,0.019,0.019,0.022000000000000002,0.02,0.022000000000000002,0.023,0.017,0.016,0.02,0.019,0.019,0.021,0.019,0.018000000000000002,0.017,0.019,0.02,0.018000000000000002,0.017,0.018000000000000002,0.017,0.015,0.015,0.018000000000000002,0.019,0.019,0.019,0.015,0.016,0.024,0.026000000000000002,0.027000000000000003,0.025,0.024,0.017,0.024,0.031,0.025,0.023,0.03,0.034,0.024,0.024
39,06071,4.508,7.678,7.657,7.8020000000000005,8.294,8.724,6.566,4.842,7.421,7.312,7.6129999999999995,6.916,7.145,4.342,2.7319999999999998,5.915,4.801,4.292,3.2260000000000004,3.66,1.064,0.36,1.682,1.796,1.966,1.818,2.642,0.65,0.062,1.4040000000000001,1.656,1.7209999999999999,1.7690000000000001,2.271,0.591,0.047,0.262,0.6579999999999999,0.391,0.213,1.219,0.48,0.034,0.7290000000000001,1.099,1.551,1.8259999999999998,2.1919999999999997,0.581,0.145,1.304,1.3980000000000001,1.357,1.537,0.466,0.05,1.261,1.2919999999999998,1.567,2.026,3.072,1.538,0.88,1.508
40,06067,3.773,6.907,7.075,7.042000000000001,7.367000000000001,7.872000000000001,5.212000000000001,3.873,6.542000000000001,7.246,7.05,6.987,7.12,3.255,1.808,4.999,3.9219999999999997,3.352,2.787,2.1430000000000002,0.47600000000000003,0.195,1.135,0.63,1.026,1.093,1.713,0.063,0.046,0.608,0.882,1.046,1.19,1.755,0.051,0.027000000000000003,0.47200000000000003,0.857,0.813,0.534,1.58,0.44799999999999995,0.039,0.715,0.968,1.068,1.178,1.776,0.604,0.136,0.55,0.7390000000000001,0.49200000000000005,0.774,0.10099999999999999,0.04,0.276,0.41,0.597,0.9229999999999999,2.092,1.12,0.612,0.5760000000000001
41,25025,2.79,3.787,3.781,3.73,3.804,3.8510000000000004,3.137,3.068,3.512,3.572,3.3789999999999996,3.301,3.208,2.133,0.7829999999999999,1.9380000000000002,0.44,0.5820000000000001,0.07400000000000001,0.765,0.044000000000000004,0.027999999999999997,0.039,0.033,0.027000000000000003,0.033,0.040999999999999995,0.027999999999999997,0.02,0.025,0.028999999999999998,0.028999999999999998,0.027000000000000003,0.024,0.027000000000000003,0.022000000000000002,0.027999999999999997,0.028999999999999998,0.023,0.021,0.027000000000000003,0.025,0.021,0.02,0.028999999999999998,0.026000000000000002,0.027999999999999997,0.028999999999999998,0.02,0.023,0.027999999999999997,0.03,0.040999999999999995,0.032,0.034,0.02,0.023,0.035,0.042,0.032,0.046,0.055999999999999994,0.047,0.033
42,22017,8.591000000000001,10.42,10.603,9.677999999999999,11.033,12.25,10.585999999999999,9.588,10.196,11.109000000000002,10.644,11.815999999999999,10.860999999999999,7.917999999999999,5.877000000000001,8.846,7.414,6.854,6.725,7.438,4.704,1.482,4.912,4.04,4.838,4.876,5.71,1.099,0.8320000000000001,2.983,3.161,4.39,3.8310000000000004,4.55,0.396,0.564,3.45,4.043,4.8069999999999995,4.328,4.441,2.272,0.06,3.978,4.542,5.18,5.341,5.68,3.5660000000000003,0.077,5.84,4.027,6.359,6.454,3.948,2.221,5.478,4.508,5.638,7.0729999999999995,8.698,6.481,4.805,6.92
43,24510,2.303,2.502,2.526,2.681,2.758,2.51,1.805,2.194,2.533,2.51,2.68,2.694,2.83,1.419,0.406,1.044,0.6409999999999999,0.452,0.424,0.631,0.055999999999999994,0.035,0.044000000000000004,0.049,0.035,0.055,0.064,0.031,0.027999999999999997,0.059000000000000004,0.028999999999999998,0.033,0.05,0.061,0.034,0.028999999999999998,0.039,0.038,0.036000000000000004,0.037000000000000005,0.037000000000000005,0.033,0.026000000000000002,0.026000000000000002,0.034,0.035,0.040999999999999995,0.049,0.032,0.027000000000000003,0.055999999999999994,0.085,0.063,0.077,0.059000000000000004,0.025,0.047,0.055,0.121,0.052000000000000005,0.45899999999999996,0.37799999999999995,0.042,0.05
44,25023,5.182,9.293,9.69,8.98,10.097000000000001,10.638,7.568,5.485,8.794,9.296,9.096,8.835,7.615,5.084,3.156,4.7780000000000005,3.142,3.46,2.267,3.9019999999999997,1.599,0.48700000000000004,1.43,0.828,0.562,1.3230000000000002,2.115,0.8270000000000001,0.036000000000000004,0.094,0.7509999999999999,0.446,0.52,0.183,0.522,0.066,1.024,1.194,0.38799999999999996,0.083,1.515,1.2109999999999999,0.051,0.04,1.4169999999999998,0.758,0.877,1.798,0.044000000000000004,0.304,1.284,1.594,2.266,0.7509999999999999,1.9280000000000002,0.049,0.284,1.757,2.456,1.895,2.256,2.678,2.351,1.8419999999999999
45,34007,3.966,6.617000000000001,6.688,6.676,6.919,6.93,5.091,3.9160000000000004,6.352,6.438,6.553,6.2829999999999995,5.976,3.6430000000000002,2.147,4.079,2.2319999999999998,1.9140000000000001,1.681,2.544,0.364,0.039,0.043,0.22,0.055,0.493,0.5670000000000001,0.034,0.036000000000000004,0.066,0.057999999999999996,0.16699999999999998,0.258,0.415,0.063,0.047,0.313,0.24,0.264,0.11900000000000001,0.196,0.138,0.035,0.037000000000000005,0.287,0.304,0.266,0.642,0.054000000000000006,0.046,0.34600000000000003,0.7959999999999999,0.643,0.45799999999999996,0.643,0.033,0.35200000000000004,1.171,0.9179999999999999,0.361,1.3530000000000002,1.349,0.504,0.605
46,06065,4.918,8.182,8.497,8.406,9.046,9.524,7.481,5.271,7.975,7.5920000000000005,8.094,7.103,7.48,4.564,3.032,6.322,5.247000000000001,4.251,3.315,3.78,1.307,0.42,1.771,1.875,2.013,1.985,2.722,0.611,0.079,1.515,1.6219999999999999,1.619,1.761,2.207,0.599,0.040999999999999995,0.23600000000000002,0.381,0.47600000000000003,0.175,1.112,0.53,0.031,0.907,1.156,1.44,1.784,2.3569999999999998,0.61,0.126,1.296,1.527,1.5190000000000001,1.6580000000000001,0.49,0.049,1.2590000000000001,1.35,1.541,1.9809999999999999,3.174,1.5090000000000001,0.867,1.368
47,26049,5.345,9.1,8.984,9.267999999999999,9.408,10.444,8.079,5.745,8.753,9.156,9.302,8.942,8.634,4.955,3.159,6.295,5.382999999999999,4.445,4.7780000000000005,4.5280000000000005,0.9129999999999999,0.11199999999999999,2.6630000000000003,0.055,0.36200000000000004,0.07200000000000001,0.401,0.038,0.04,0.052000000000000005,0.055,0.068,0.304,0.585,0.049,0.046,0.11900000000000001,0.06,0.42,0.057,0.091,0.085,0.037000000000000005,0.047,0.059000000000000004,0.063,0.07200000000000001,0.075,0.1,0.05,0.16399999999999998,0.324,0.359,1.245,0.494,0.20199999999999999,1.7890000000000001,2.346,0.919,1.524,3.866,2.8360000000000003,2.13,2.448
48,26125,5.1160000000000005,8.558,8.79,8.895,9.191,9.597999999999999,7.507000000000001,5.281000000000001,8.382,8.587,8.591000000000001,8.212,7.3389999999999995,4.12,2.082,4.6819999999999995,3.034,2.2319999999999998,2.115,2.573,0.18,0.053,0.6559999999999999,0.037000000000000005,0.057,0.04,0.053,0.03,0.034,0.035,0.037000000000000005,0.039,0.067,0.08900000000000001,0.04,0.039,0.042,0.038,0.062,0.035,0.044000000000000004,0.05,0.031,0.033,0.037000000000000005,0.035,0.039,0.038,0.053,0.038,0.047,0.053,0.053,0.409,0.174,0.063,0.35600000000000004,0.5329999999999999,0.096,0.086,1.97,1.381,1.05,0.314
49,27053,4.254,6.425,6.64,6.702999999999999,7.17,7.406000000000001,5.726,4.252,6.356,6.755,7.03,6.495,6.612,3.4819999999999998,1.859,3.9739999999999998,2.5580000000000003,1.381,0.6679999999999999,1.474,0.055,0.042,0.371,0.138,0.159,0.568,0.6829999999999999,0.027999999999999997,0.027999999999999997,0.057999999999999996,0.078,0.062,0.066,0.047,0.05,0.04,0.047,0.1,0.049,0.040999999999999995,0.24100000000000002,0.076,0.023,0.036000000000000004,0.038,0.046,0.057,0.295,0.11699999999999999,0.039,0.435,1.122,0.846,1.45,0.514,0.07,0.579,0.081,0.526,1.804,2.635,2.04,1.025,0.5589999999999999
50,26099,4.73,8.35,8.504,8.734,8.956,9.436,7.37,5.153,8.3,8.594,8.589,8.137,7.566,4.337,2.336,5.449,4.428999999999999,3.4410000000000003,3.175,3.6069999999999998,0.312,0.052000000000000005,1.506,0.038,0.066,0.042,0.054000000000000006,0.028999999999999998,0.033,0.036000000000000004,0.038,0.044000000000000004,0.11900000000000001,0.21899999999999997,0.04,0.035,0.043,0.037000000000000005,0.135,0.037000000000000005,0.048,0.053,0.028999999999999998,0.033,0.039,0.039,0.046,0.045,0.054000000000000006,0.035,0.055,0.077,0.06,0.628,0.201,0.05,0.736,0.946,0.267,0.6659999999999999,2.585,1.545,1.364,0.662
51,29510,9.542,4.527,4.246,4.643,5.845,6.445,6.796,7.609,4.863,5.577000000000001,5.58,5.468999999999999,6.542000000000001,3.85,4.1419999999999995,4.085,2.877,1.82,1.636,1.893,0.141,0.046,0.10099999999999999,0.054000000000000006,0.10099999999999999,0.24600000000000002,0.184,0.055999999999999994,0.049,0.071,0.08199999999999999,0.191,0.381,0.214,0.044000000000000004,0.036000000000000004,0.065,0.053,0.07200000000000001,0.06,0.455,0.062,0.03,0.052000000000000005,0.10400000000000001,0.228,0.168,0.243,0.061,0.045,0.461,0.589,0.507,0.9229999999999999,0.06,0.11199999999999999,0.37,0.774,0.397,1.9980000000000002,2.955,1.676,0.28,0.195
52,06085,4.088,7.084,7.105,7.142,7.51,7.276,5.236000000000001,3.873,5.975,6.322,6.062,5.582000000000001,5.525,2.745,1.28,3.615,0.253,0.561,0.212,0.976,0.042,0.040999999999999995,0.092,0.040999999999999995,0.065,0.055999999999999994,0.195,0.03,0.03,0.05,0.07,0.065,0.1,0.317,0.034,0.021,0.028999999999999998,0.046,0.037000000000000005,0.037000000000000005,0.336,0.049,0.025,0.051,0.042,0.052000000000000005,0.057,0.295,0.052000000000000005,0.042,0.033,0.034,0.032,0.039,0.032,0.027000000000000003,0.032,0.032,0.039,0.038,0.228,0.057,0.052000000000000005,0.037000000000000005
53,06081,4.522,6.775,6.6370000000000005,6.447,6.836,7.065,5.602,4.103,5.787000000000001,6.322,5.944,5.609,5.882999999999999,2.8989999999999996,1.7080000000000002,3.9139999999999997,0.64,0.855,0.503,1.611,0.366,0.157,0.23,0.069,0.35600000000000004,0.305,0.43799999999999994,0.04,0.027999999999999997,0.109,0.122,0.18899999999999997,0.258,0.419,0.032,0.025,0.032,0.177,0.047,0.063,0.593,0.054000000000000006,0.026000000000000002,0.204,0.13699999999999998,0.087,0.057999999999999996,0.39899999999999997,0.068,0.055,0.040999999999999995,0.038,0.037000000000000005,0.052000000000000005,0.038,0.027000000000000003,0.043,0.042,0.055,0.055999999999999994,0.36200000000000004,0.084,0.08,0.068
54,42003,3.7889999999999997,5.5729999999999995,5.435,5.575,5.934,6.471,5.285,4.019,5.667000000000001,5.5520000000000005,5.8,5.846,5.629,3.4730000000000003,1.8119999999999998,3.4610000000000003,1.921,1.123,1.4280000000000002,1.5130000000000001,0.052000000000000005,0.064,0.054000000000000006,0.043,0.065,0.25,0.225,0.036000000000000004,0.051,0.045,0.047,0.055999999999999994,0.105,0.364,0.079,0.040999999999999995,0.084,0.048,0.096,0.047,0.08199999999999999,0.136,0.033,0.037000000000000005,0.054000000000000006,0.064,0.055999999999999994,0.099,0.065,0.04,0.17800000000000002,0.546,0.498,0.76,0.6409999999999999,0.031,0.642,0.451,0.6859999999999999,0.86,1.6780000000000002,1.619,0.642,0.708
55,42101,1.44,2.292,2.0140000000000002,2.29,2.416,2.5989999999999998,2.036,1.666,2.137,1.949,2.1719999999999997,2.116,2.025,1.1159999999999999,0.442,0.6920000000000001,0.099,0.07,0.046,0.161,0.031,0.024,0.019,0.023,0.021,0.027000000000000003,0.032,0.02,0.019,0.024,0.021,0.024,0.026000000000000002,0.027999999999999997,0.022000000000000002,0.02,0.023,0.025,0.024,0.021,0.022000000000000002,0.021,0.018000000000000002,0.018000000000000002,0.024,0.022000000000000002,0.023,0.024,0.019,0.02,0.024,0.03,0.03,0.027000000000000003,0.032,0.018000000000000002,0.024,0.035,0.03,0.027000000000000003,0.053,0.075,0.027000000000000003,0.027999999999999997
56,42095,4.785,7.3020000000000005,7.348,7.431,7.781000000000001,8.469,6.706,5.006,7.146,7.598,7.216,7.1739999999999995,6.9510000000000005,4.585,2.7260000000000004,5.254,3.645,3.062,2.875,3.2510000000000003,0.484,0.113,0.166,0.6920000000000001,0.777,0.306,0.722,0.033,0.033,0.152,0.064,0.281,0.23399999999999999,0.209,0.062,0.051,0.33399999999999996,0.418,0.23800000000000002,0.069,0.326,0.11199999999999999,0.036000000000000004,0.039,0.2,0.413,0.391,0.615,0.051,0.049,0.59,1.166,1.3119999999999998,0.792,0.904,0.035,1.018,1.91,1.16,0.863,2.1319999999999997,1.986,1.114,1.2409999999999999
57,39049,4.1080000000000005,6.093,6.249,6.515,6.903,7.2860000000000005,5.505,4.042,6.228,6.353,6.487,6.322,6.257999999999999,2.952,1.778,3.863,2.745,1.876,1.815,2.028,0.08900000000000001,0.161,0.629,0.051,0.37799999999999995,0.35600000000000004,0.165,0.046,0.049,0.053,0.065,0.08,0.494,0.797,0.322,0.034,0.263,0.132,0.284,0.087,0.611,0.2,0.032,0.046,0.084,0.11199999999999999,0.361,0.21100000000000002,0.263,0.043,0.993,1.528,1.001,1.9769999999999999,0.858,0.037000000000000005,1.216,1.1420000000000001,0.778,1.5759999999999998,2.56,2.396,0.813,1.385
58,39095,4.199,6.319,6.415,6.489,6.916,7.321000000000001,6.084,4.5569999999999995,6.35,6.5,6.506,6.528,6.388999999999999,4.34,2.855,4.761,4.223,3.438,3.253,3.451,0.7859999999999999,0.20199999999999999,1.72,0.083,0.828,0.7709999999999999,0.733,0.045,0.048,0.188,0.321,0.418,1.3619999999999999,1.716,0.358,0.055,0.731,0.6779999999999999,0.96,0.5529999999999999,0.951,0.602,0.043,0.217,0.624,0.47600000000000003,1.237,0.348,0.6459999999999999,0.063,1.6280000000000001,1.895,2.146,2.362,0.8340000000000001,0.214,2.55,2.904,2.004,2.5839999999999996,4.0569999999999995,3.2910000000000004,2.44,2.622
59,08059,3.755,6.933,7.426,7.537999999999999,7.9239999999999995,8.357999999999999,6.321000000000001,4.069,7.111000000000001,7.513999999999999,7.645,7.257999999999999,6.546,3.9130000000000003,2.184,4.4639999999999995,3.02,2.635,0.073,0.9329999999999999,0.221,0.203,1.147,1.0959999999999999,0.8909999999999999,0.061,0.046,0.034,0.034,0.067,0.268,0.27699999999999997,0.04,0.063,0.067,0.042,0.252,0.32299999999999995,0.268,0.21100000000000002,0.732,0.382,0.022000000000000002,0.031,0.059000000000000004,0.22899999999999998,0.027999999999999997,0.518,0.057,0.040999999999999995,0.63,0.579,0.747,0.79,0.44,0.055999999999999994,0.9670000000000001,0.9079999999999999,1.078,1.261,2.412,0.898,1.1740000000000002,1.38
60,08005,3.555,6.2,6.676,6.857,7.0520000000000005,7.6160000000000005,6.494,4.2860000000000005,6.575,6.752000000000001,6.933,6.629,6.142,3.738,1.955,4.121,2.526,2.424,0.054000000000000006,0.76,0.055999999999999994,0.183,0.961,0.7190000000000001,0.532,0.066,0.043,0.035,0.034,0.047,0.163,0.121,0.036000000000000004,0.049,0.062,0.042,0.075,0.153,0.07200000000000001,0.059000000000000004,0.499,0.27699999999999997,0.022000000000000002,0.027999999999999997,0.043,0.063,0.027000000000000003,0.379,0.078,0.042,0.402,0.248,0.34600000000000003,0.36,0.242,0.046,0.45799999999999996,0.439,0.535,0.8390000000000001,1.765,0.7290000000000001,0.797,0.512
61,08031,5.237,4.412,4.146,4.692,4.602,5.165,3.842,3.66,8.867,5.122999999999999,4.9239999999999995,5.191,5.144,3.167,2.5,2.736,1.2109999999999999,1.1520000000000001,0.05,0.083,0.048,0.087,0.13699999999999998,0.142,0.067,0.035,0.038,0.034,0.031,0.04,0.054000000000000006,0.061,0.036000000000000004,0.047,0.057999999999999996,0.036000000000000004,0.042,0.046,0.040999999999999995,0.034,0.052000000000000005,0.046,0.02,0.024,0.03,0.027999999999999997,0.023,0.04,0.031,0.027000000000000003,0.07400000000000001,0.11800000000000001,0.11599999999999999,0.102,0.054000000000000006,0.038,0.115,0.106,0.10300000000000001,0.885,1.7109999999999999,0.35100000000000003,0.35100000000000003,0.081
62,08123,4.825,9.38,10.337,10.333,11.106,12.818,10.023,5.587999999999999,10.079,10.404000000000002,10.376,11.118,10.236,5.122999999999999,3.005,7.105,5.537999999999999,5.249,1.881,3.345,1.4680000000000002,0.62,3.6010000000000004,3.487,3.8139999999999996,0.946,0.907,0.057,0.051,1.01,1.609,1.547,0.626,1.6230000000000002,0.534,0.09,1.514,1.804,1.9369999999999998,1.589,3.1630000000000003,0.922,0.027000000000000003,0.222,1.1740000000000002,1.643,0.045,2.458,0.5479999999999999,0.094,3.4019999999999997,3.613,3.863,3.6889999999999996,2.003,0.542,3.9730000000000003,3.995,3.8989999999999996,4.3469999999999995,6.223,3.182,2.588,3.875
63,37119,6.5,8.065,7.827999999999999,8.162,8.414,8.972000000000001,7.928,6.1739999999999995,7.853,8.056000000000001,8.208,8.038,8.017999999999999,5.7,3.575,5.622000000000001,4.6339999999999995,3.782,3.858,4.743,2.525,0.669,1.651,1.975,3.072,0.3,1.038,0.526,0.11800000000000001,0.513,0.29600000000000004,0.43700000000000006,0.96,1.5859999999999999,0.804,0.08900000000000001,0.57,0.672,0.818,0.9540000000000001,1.6,0.992,0.034,0.5379999999999999,1.175,1.068,1.5,2.424,1.285,0.067,1.962,2.395,1.15,2.9939999999999998,1.3319999999999999,0.608,2.004,2.3480000000000003,2.021,2.458,4.056,3.258,1.705,2.149
64,36067,2.66,4.992,4.806,4.981,5.282,5.542000000000001,4.281000000000001,2.966,5.02,5.027,5.122000000000001,5.358,5.486000000000001,3.233,1.578,4.437,2.294,1.985,1.72,1.815,0.057,0.044000000000000004,0.040999999999999995,0.049,0.078,0.198,0.264,0.036000000000000004,0.035,0.040999999999999995,0.061,0.086,0.08800000000000001,0.079,0.057999999999999996,0.038,0.09,0.157,0.06,0.048,0.045,0.048,0.034,0.044000000000000004,0.066,0.068,0.054000000000000006,0.13699999999999998,0.046,0.034,0.125,0.22899999999999998,0.6459999999999999,0.8390000000000001,0.616,0.036000000000000004,0.161,1.0390000000000001,0.48200000000000004,0.47700000000000004,1.431,1.454,0.998,0.15
65,37183,6.561,9.243,8.779,9.064,9.262,10.251,8.226,6.329,9.246,9.138,9.137,9.003,8.445,5.728,3.034,5.477,4.574,3.537,3.7289999999999996,4.405,1.536,0.636,1.3219999999999998,1.598,2.021,1.624,1.9980000000000002,0.387,0.096,0.643,0.374,0.516,0.95,1.534,0.677,0.07200000000000001,0.653,0.848,0.789,0.897,1.501,0.9670000000000001,0.043,0.17,0.946,0.5660000000000001,1.27,2.195,0.81,0.081,2.031,2.572,1.499,2.964,1.507,0.391,1.922,2.464,2.532,1.249,3.7239999999999998,2.963,1.666,1.999
66,42077,3.638,6.359,6.063,6.35,6.622999999999999,6.689,5.487,3.957,6.06,5.973,6.359,6.22,5.814,3.56,2.255,4.041,2.543,2.282,2.25,3.045,0.126,0.055,0.066,0.47,0.157,0.14800000000000002,0.586,0.03,0.028999999999999998,0.07,0.06,0.08,0.193,0.212,0.05,0.04,0.271,0.177,0.26,0.061,0.094,0.065,0.034,0.04,0.213,0.21,0.124,0.382,0.05,0.042,0.29600000000000004,0.909,0.915,0.434,0.534,0.031,0.611,1.273,1.112,0.5479999999999999,1.626,1.473,1.046,0.985
67,09001,4.015,6.047999999999999,5.91,5.922999999999999,6.3870000000000005,6.422000000000001,5.362,3.701,5.858,5.837000000000001,5.505,5.345,4.623,3.4410000000000003,1.972,3.2260000000000004,1.953,1.9369999999999998,1.699,2.5580000000000003,0.841,0.29,0.05,0.376,0.085,0.568,0.8420000000000001,0.053,0.032,0.075,0.092,0.251,0.17600000000000002,0.10099999999999999,0.358,0.047,0.29600000000000004,0.34600000000000003,0.084,0.051,0.406,0.247,0.042,0.033,0.36700000000000005,0.304,0.322,0.6970000000000001,0.048,0.08,0.20199999999999999,0.682,0.581,0.442,1.3619999999999999,0.037000000000000005,0.345,1.275,0.885,0.243,1.379,1.7730000000000001,1.396,0.79
68,09003,3.5639999999999996,6.02,6.218999999999999,6.226,6.706,6.979,5.14,3.634,6.127999999999999,6.162999999999999,6.079,6.0360000000000005,5.602,3.467,1.758,3.66,2.425,2.354,1.841,2.522,0.376,0.066,0.064,0.27699999999999997,0.22699999999999998,0.593,1.08,0.064,0.032,0.073,0.18600000000000003,0.34,0.23,0.23600000000000002,0.21600000000000003,0.045,0.38299999999999995,0.426,0.10400000000000001,0.055999999999999994,0.39799999999999996,0.105,0.039,0.033,0.466,0.452,0.342,0.764,0.04,0.057,0.177,1.07,1.0759999999999998,0.779,1.145,0.038,0.17600000000000002,1.177,1.109,0.632,1.569,1.8719999999999999,1.4140000000000001,0.857
69,10003,4.018,7.4270000000000005,7.456,7.218999999999999,7.814,7.9670000000000005,6.501,4.2860000000000005,6.831,7.107,7.0329999999999995,7.568,7.079,4.15,2.12,4.566,3.218,2.5639999999999996,2.178,3.2030000000000003,0.40299999999999997,0.06,0.708,0.248,0.05,0.43799999999999994,0.9259999999999999,0.035,0.035,0.248,0.057,0.182,0.349,0.48200000000000004,0.057999999999999996,0.042,0.217,0.203,0.21899999999999997,0.055999999999999994,0.233,0.095,0.035,0.037000000000000005,0.214,0.23600000000000002,0.19699999999999998,0.735,0.049,0.045,0.35600000000000004,1.063,0.86,0.669,0.7859999999999999,0.034,0.506,1.256,1.008,0.545,1.8430000000000002,1.7269999999999999,0.285,0.706
70,11001,3.739,2.798,3.583,3.656,3.9019999999999997,4.268,3.966,4.506,3.377,3.5189999999999997,3.623,3.7289999999999996,4.044,3.1630000000000003,1.112,1.2930000000000001,0.456,0.349,0.2,0.40299999999999997,0.043,0.035,0.027000000000000003,0.031,0.025,0.033,0.045,0.022000000000000002,0.023,0.031,0.025,0.023,0.032,0.035,0.023,0.024,0.027000000000000003,0.025,0.025,0.024,0.027999999999999997,0.024,0.018000000000000002,0.018000000000000002,0.027000000000000003,0.022000000000000002,0.022000000000000002,0.027999999999999997,0.025,0.023,0.036000000000000004,0.046,0.028999999999999998,0.032,0.034,0.021,0.027999999999999997,0.027999999999999997,0.042,0.027000000000000003,0.07200000000000001,0.19,0.028999999999999998,0.032
71,12099,5.5329999999999995,8.015,8.119,8.182,8.478,8.927,7.396,5.226,7.71,7.921,8.139,8.168,8.132,5.7139999999999995,3.984,5.987,5.407,4.364,4.523,5.1160000000000005,2.16,0.894,2.346,2.2359999999999998,2.353,2.0140000000000002,2.0869999999999997,0.72,0.244,1.383,1.232,1.4509999999999998,1.486,1.3259999999999998,0.331,0.042,0.525,0.8290000000000001,0.927,0.953,1.56,0.623,0.039,0.96,0.93,1.196,1.006,1.7309999999999999,0.754,0.127,2.457,2.7569999999999997,2.7030000000000003,2.85,1.3359999999999999,0.10300000000000001,2.612,2.83,2.915,2.359,3.906,2.478,1.472,1.946
72,12103,4.285,6.343999999999999,6.447,6.405,6.587999999999999,6.962999999999999,5.693,3.992,6.156000000000001,6.42,6.421,6.5329999999999995,6.377999999999999,4.656000000000001,3.303,4.971,4.3,3.6260000000000003,3.725,3.832,1.6640000000000001,0.7979999999999999,2.181,1.963,2.085,1.507,1.475,0.389,0.10400000000000001,0.618,0.809,1.01,1.2830000000000001,1.057,0.337,0.034,0.46799999999999997,0.664,0.75,0.728,1.222,0.6709999999999999,0.038,0.556,0.6920000000000001,0.752,0.552,1.591,0.303,0.11900000000000001,2.37,2.397,2.4019999999999997,0.563,1.3,0.51,1.969,2.256,2.26,2.142,3.344,2.387,1.3230000000000002,2.204
73,12011,5.2620000000000005,7.849,7.86,7.896,8.312000000000001,8.638,7.051,4.8660000000000005,7.455,7.65,7.902,7.845,7.695,5.039,3.14,5.386,4.332,3.3810000000000002,3.486,3.986,1.24,0.42200000000000004,1.393,1.173,1.244,1.044,1.111,0.23199999999999998,0.048,0.39799999999999996,0.609,0.56,0.732,0.852,0.135,0.036000000000000004,0.26,0.408,0.43,0.442,0.845,0.182,0.033,0.491,0.455,0.64,0.636,1.189,0.308,0.054000000000000006,1.412,1.5519999999999998,1.58,1.712,0.5329999999999999,0.047,1.504,1.7109999999999999,1.8430000000000002,1.5119999999999998,2.685,1.474,0.631,1.193
74,12086,5.4670000000000005,7.934,7.82,7.949,8.283,8.69,7.428,5.146,7.638,7.747999999999999,7.87,7.781000000000001,7.621,5.354,3.275,5.449,4.5,3.523,3.485,3.952,1.238,0.265,1.422,1.052,0.953,0.733,0.81,0.078,0.038,0.318,0.428,0.419,0.595,0.629,0.08900000000000001,0.033,0.184,0.282,0.262,0.34600000000000003,0.624,0.052000000000000005,0.032,0.45399999999999996,0.391,0.607,0.6779999999999999,1.304,0.35,0.048,1.4169999999999998,1.5659999999999998,1.732,2.055,0.83,0.055,1.716,2.004,2.101,1.9769999999999999,3.094,1.7590000000000001,0.7070000000000001,1.58
75,12031,5.439,8.001,8.196,7.9639999999999995,8.382,8.978,7.414,4.803,7.742999999999999,7.846,8.136000000000001,8.288,8.15,5.932,3.79,5.8839999999999995,5.375,4.518,4.946000000000001,5.228,2.184,0.835,2.8110000000000004,2.805,2.635,2.572,3.263,1.534,0.45799999999999996,1.661,1.7690000000000001,2.1319999999999997,2.82,1.834,0.634,0.046,1.0759999999999998,1.2670000000000001,1.364,1.5919999999999999,2.116,1.19,0.046,0.624,0.867,0.718,2.105,2.635,1.067,0.147,3.634,3.737,3.4589999999999996,3.117,2.378,0.922,3.0380000000000003,3.554,3.366,4.348,5.228,3.8369999999999997,2.182,3.1239999999999997
76,39035,3.451,5.829,5.934,6.025,6.4079999999999995,6.651,5.334,3.6039999999999996,5.751,5.74,5.832999999999999,5.829,5.524,2.966,1.568,3.755,2.529,1.724,1.7009999999999998,2.204,0.061,0.067,0.494,0.053,0.25,0.28,0.32799999999999996,0.04,0.047,0.052000000000000005,0.067,0.095,0.379,0.67,0.166,0.036000000000000004,0.13,0.11599999999999999,0.28,0.066,0.249,0.168,0.035,0.047,0.075,0.076,0.099,0.073,0.076,0.043,0.748,1.1340000000000001,1.3459999999999999,1.3119999999999998,0.773,0.04,1.297,1.556,1.008,1.662,2.4419999999999997,2.221,1.3880000000000001,0.932
77,39061,4.967,7.44,7.694,7.775,8.1,8.631,7.084,5.058,7.4639999999999995,7.557,7.774,7.757999999999999,7.474,3.94,2.447,4.724,3.781,2.634,2.595,3.4139999999999997,0.72,0.531,2.012,0.207,1.151,1.12,1.14,0.51,0.192,0.853,0.66,0.618,1.4340000000000002,1.9409999999999998,1.038,0.053,1.055,1.1320000000000001,1.058,1.439,1.844,1.075,0.045,0.534,0.9740000000000001,1.1079999999999999,1.421,1.574,1.3840000000000001,0.079,2.324,2.8810000000000002,1.8,3.095,1.484,0.071,2.494,2.701,1.785,2.548,4.135,3.628,0.152,2.542
78,12095,6.837000000000001,8.024,8.089,8.211,8.661,9.007,7.744,7.392,8.136000000000001,8.189,8.366,8.552,8.554,6.542000000000001,4.749,6.212000000000001,5.047,4.207,4.023,4.324,1.459,0.424,2.156,1.886,2.544,2.0069999999999997,0.213,0.051,0.039,0.184,0.29,0.486,0.637,0.467,0.07400000000000001,0.028999999999999998,0.21899999999999997,0.34,0.36,0.39399999999999996,0.882,0.26,0.034,0.332,0.41,0.358,0.258,1.308,0.075,0.065,1.71,2.18,2.169,1.085,1.093,0.21,1.89,2.208,2.127,1.8769999999999998,3.553,2.101,1.032,1.7519999999999998
79,48029,5.909,8.499,8.51,8.433,9.286,9.986,8.467,6.131,7.861000000000001,8.458,8.679,8.706,8.783,5.732,3.583,6.178,5.513999999999999,4.957,4.56,4.658,1.263,0.509,2.886,3.014,1.3430000000000002,1.514,2.129,0.7,0.126,0.746,1.492,1.6380000000000001,1.2209999999999999,1.66,0.048,0.053,0.982,1.225,1.2919999999999998,1.127,2.106,0.792,0.049,1.265,1.48,1.834,2.128,2.638,1.077,0.301,2.384,2.1,2.873,3.345,2.089,0.659,2.319,2.52,2.668,3.408,4.822,3.168,1.9240000000000002,2.679
80,13121,7.292000000000001,7.631,7.72,7.707000000000001,8.347999999999999,9.12,8.997,6.841,7.865,7.67,8.082,8.247,7.971,5.669,3.076,4.459,3.3819999999999997,2.496,3.208,3.7030000000000003,2.23,0.544,0.441,0.47,1.048,0.898,1.585,1.034,0.23800000000000002,0.435,0.235,0.72,1.043,0.988,0.15,0.057,0.192,0.222,0.242,0.521,1.422,0.978,0.031,0.32,0.513,0.638,0.8390000000000001,1.7380000000000002,1.141,0.035,1.31,1.4140000000000001,0.408,2.314,2.002,0.428,1.456,1.828,1.294,2.265,4.066,3.818,2.144,2.2159999999999997
81,16001,3.378,6.291,6.5489999999999995,6.485,6.843,7.242999999999999,5.59,3.532,6.318,6.602,6.636,6.664,6.891,4.205,1.92,5.232,4.328,4.196000000000001,3.819,4.146,1.69,0.667,2.512,2.396,2.112,0.823,1.158,0.191,0.037000000000000005,0.38,0.40399999999999997,0.56,0.644,1.25,0.217,0.038,0.515,1.042,1.172,1.165,2.1919999999999997,0.40700000000000003,0.036000000000000004,1.05,0.9540000000000001,0.8270000000000001,1.3780000000000001,2.397,1.155,0.16699999999999998,1.604,1.6680000000000001,1.251,2.0069999999999997,1.153,0.19899999999999998,1.298,1.7,2.1919999999999997,1.787,4.043,2.875,1.435,2.496
82,47037,7.956,7.45,6.194,8.011000000000001,9.104,8.988999999999999,7.876,8.581,7.843999999999999,7.684,8.42,8.087,8.091000000000001,6.0,4.996,5.968999999999999,4.414,3.7030000000000003,4.181,3.596,1.8880000000000001,0.8220000000000001,1.339,0.285,1.7409999999999999,1.9980000000000002,2.353,1.147,0.6759999999999999,0.9229999999999999,0.43,1.1640000000000001,1.72,1.906,0.7040000000000001,0.136,0.727,1.025,0.8059999999999999,1.158,2.108,1.1179999999999999,0.028999999999999998,0.43700000000000006,0.626,1.26,1.7719999999999998,2.611,1.354,0.046,2.84,2.926,2.322,3.3939999999999997,0.629,0.114,2.562,2.9389999999999996,2.088,4.379,5.609,4.032,2.106,4.113
83,48113,6.732,9.311,8.68,7.898,9.408,10.11,8.581,5.905,7.882000000000001,8.549,8.735,8.66,7.771,4.968999999999999,2.78,5.605,4.354,3.563,3.236,3.806,1.405,0.301,2.331,0.44299999999999995,0.868,0.758,1.185,0.39,0.062,0.09,0.794,0.893,0.935,0.898,0.061,0.043,0.43,0.81,0.802,0.823,1.881,0.203,0.046,0.65,0.741,1.192,1.545,1.865,0.892,0.057999999999999996,1.9040000000000001,1.3659999999999999,2.4859999999999998,2.758,1.756,0.287,1.693,1.655,2.173,3.378,4.463,2.866,1.456,2.301
84,48439,6.569,8.981,9.035,8.317,9.835,10.793,9.16,6.476,8.924,9.675,9.886000000000001,9.622,8.149,5.129,3.2060000000000004,6.142,5.294,4.425,4.249,4.848,2.27,0.565,2.833,2.758,1.476,1.6340000000000001,2.3169999999999997,0.998,0.256,0.792,1.796,1.847,1.795,1.9069999999999998,0.23800000000000002,0.052000000000000005,1.27,1.788,1.9140000000000001,1.8359999999999999,2.862,0.9620000000000001,0.065,1.607,1.795,2.326,2.612,3.054,1.896,0.466,3.1210000000000004,2.593,3.5610000000000004,3.852,2.682,1.238,2.891,2.499,3.3739999999999997,3.832,5.071000000000001,3.568,2.332,3.2880000000000003
85,48121,7.577999999999999,10.195,10.308,9.77,11.357000000000001,12.82,10.828,7.497000000000001,9.82,11.124,10.908,10.712,8.86,6.111000000000001,3.887,6.763,5.212999999999999,4.2860000000000005,4.171,5.157,2.628,0.882,2.805,2.524,2.1959999999999997,1.162,1.7480000000000002,1.041,0.34600000000000003,0.37799999999999995,1.556,1.42,1.3419999999999999,1.621,0.408,0.076,1.03,1.618,1.839,1.847,2.955,1.08,0.156,1.5730000000000002,1.588,2.1519999999999997,2.529,3.093,2.352,0.626,2.839,2.0980000000000003,3.362,3.804,3.178,1.557,2.852,2.372,3.344,3.346,4.9319999999999995,3.78,2.7760000000000002,3.49
86,48157,5.917999999999999,10.113999999999999,10.372,10.306,11.017000000000001,11.285,8.675,5.99,9.755,10.311,10.13,9.832,8.619,5.269,3.0980000000000003,6.239,4.926,4.071000000000001,3.963,4.328,1.262,0.33399999999999996,2.508,2.448,0.48200000000000004,0.46,1.051,0.158,0.054000000000000006,0.32799999999999996,0.785,0.866,0.7240000000000001,1.226,0.045,0.045,0.376,0.655,0.7020000000000001,0.639,1.305,0.488,0.035,0.938,0.866,1.3230000000000002,1.41,2.021,0.764,0.043,1.902,1.671,2.456,2.747,1.3880000000000001,0.309,1.81,1.317,1.6380000000000001,2.572,4.093,2.8760000000000003,1.3659999999999999,2.305
87,55079,3.015,5.121,5.2379999999999995,5.268,5.422000000000001,5.69,4.364,3.0,4.659,5.06,4.961,5.287999999999999,5.521,2.722,1.3980000000000001,3.417,2.419,1.1320000000000001,0.9359999999999999,1.5219999999999998,0.048,0.036000000000000004,0.377,0.098,0.057999999999999996,0.047,0.07400000000000001,0.033,0.028999999999999998,0.045,0.043,0.06,0.184,0.514,0.043,0.035,0.054000000000000006,0.294,0.052000000000000005,0.055,0.162,0.054000000000000006,0.031,0.046,0.051,0.07400000000000001,0.115,0.316,0.062,0.037000000000000005,0.409,0.408,0.377,0.737,0.059000000000000004,0.055999999999999994,0.24100000000000002,0.366,0.09699999999999999,1.254,2.752,1.922,1.028,0.51
88,53053,3.938,7.077999999999999,7.336,7.553999999999999,7.847,7.809,5.204,3.4339999999999997,6.667000000000001,7.114,7.051,6.906000000000001,6.487,3.536,1.984,5.218,4.239,4.269,3.505,4.335,0.649,0.08,2.262,1.272,1.023,0.083,0.142,0.038,0.032,0.063,0.29,0.43700000000000006,0.465,0.7979999999999999,0.064,0.037000000000000005,0.725,0.7559999999999999,1.0759999999999998,1.024,1.646,0.107,0.04,0.9640000000000001,1.146,1.403,1.663,2.399,0.062,0.06,0.742,0.616,0.863,1.169,0.062,0.046,1.002,1.079,1.235,1.77,3.5239999999999996,0.384,0.316,1.73
89,48201,6.316,8.717,8.948,8.837,9.644,10.349,8.953,6.501,8.72,9.044,9.168,8.959,8.433,5.885,3.91,6.305,5.246,4.628,4.574,4.711,2.0709999999999997,0.85,3.1310000000000002,3.2760000000000002,1.1420000000000001,1.33,1.953,0.564,0.297,1.04,1.598,1.73,1.646,2.099,0.27899999999999997,0.157,1.112,1.429,1.528,1.5819999999999999,1.992,1.028,0.059000000000000004,1.615,1.8159999999999998,2.177,2.401,2.9389999999999996,1.4780000000000002,0.069,2.946,2.713,3.384,3.6630000000000003,2.306,1.041,2.8139999999999996,2.589,2.627,3.9410000000000003,5.257999999999999,3.824,2.2969999999999997,3.237
90,53077,3.293,5.034,4.893,4.995,5.5729999999999995,5.57,4.353,2.72,4.852,4.691,5.159,5.16,5.081,2.6660000000000004,1.204,4.08,3.458,3.207,3.365,4.013999999999999,0.9329999999999999,0.278,1.829,1.09,1.151,1.41,1.136,0.085,0.043,0.534,1.179,1.354,1.153,1.995,0.12,0.043,1.34,1.415,1.558,1.83,2.003,0.52,0.057,1.5419999999999998,1.8840000000000001,2.208,2.05,2.605,0.7709999999999999,0.19699999999999998,1.695,1.444,1.9140000000000001,1.933,0.27399999999999997,0.077,1.7380000000000002,1.882,1.892,2.552,3.71,1.735,1.197,2.6719999999999997
91,48453,6.872000000000001,7.791,7.7,7.245,8.217,9.122,8.084,6.372000000000001,7.276,7.851,8.124,8.329,8.985,6.37,3.787,5.747999999999999,4.593,3.614,3.216,3.302,0.782,0.401,2.33,2.0869999999999997,0.65,0.797,1.319,0.376,0.113,0.059000000000000004,0.792,0.877,0.441,0.353,0.046,0.047,0.34700000000000003,0.45399999999999996,0.5670000000000001,0.34700000000000003,1.7590000000000001,0.263,0.043,0.6829999999999999,0.643,0.9109999999999999,1.147,1.679,0.49,0.08800000000000001,1.5090000000000001,0.938,2.094,2.633,1.7719999999999998,0.424,1.3419999999999999,1.564,1.4809999999999999,2.9330000000000003,4.399,3.385,2.033,2.1069999999999998
92,49035,1.7080000000000002,7.306,7.456,7.494,7.765,8.217,6.018,2.611,7.106,7.306,7.586,7.5089999999999995,6.971,4.002,1.317,5.415,4.385,1.3159999999999998,2.4859999999999998,2.65,0.617,0.039,1.859,1.666,1.226,1.3430000000000002,1.504,0.045,0.027999999999999997,0.49,0.768,0.435,0.507,0.9540000000000001,0.069,0.027999999999999997,0.35200000000000004,0.7120000000000001,0.9440000000000001,0.8590000000000001,1.6019999999999999,0.325,0.027999999999999997,0.5539999999999999,0.754,0.29600000000000004,0.907,0.97,0.092,0.027000000000000003,1.172,1.24,1.1440000000000001,1.875,0.6809999999999999,0.035,1.194,1.526,1.5819999999999999,2.306,3.3539999999999996,2.1519999999999997,0.111,1.825
93,53033,3.778,6.204,6.101,6.114,5.912000000000001,5.671,4.238,2.6639999999999997,4.473,4.729,4.7,4.345,4.156000000000001,2.418,1.4040000000000001,2.532,1.544,1.564,1.02,2.029,0.14300000000000002,0.052000000000000005,0.218,0.055,0.051,0.034,0.037000000000000005,0.03,0.028999999999999998,0.031,0.038,0.042,0.043,0.047,0.044000000000000004,0.031,0.048,0.042,0.048,0.055999999999999994,0.264,0.039,0.031,0.052000000000000005,0.054000000000000006,0.059000000000000004,0.107,0.34600000000000003,0.038,0.038,0.040999999999999995,0.033,0.039,0.057999999999999996,0.036000000000000004,0.031,0.040999999999999995,0.040999999999999995,0.05,0.061,0.7879999999999999,0.039,0.062,0.046
94,53061,3.412,7.1610000000000005,7.14,7.485,7.2,7.162000000000001,4.255,2.531,5.808,6.153,6.025,5.853,5.364,2.8810000000000002,1.6540000000000001,3.859,2.8,2.98,2.2319999999999998,3.127,0.212,0.046,0.968,0.19899999999999998,0.16399999999999998,0.042,0.047,0.031,0.03,0.037000000000000005,0.040999999999999995,0.055,0.054000000000000006,0.09699999999999999,0.046,0.034,0.156,0.10099999999999999,0.24,0.263,0.747,0.051,0.032,0.242,0.24600000000000002,0.266,0.57,0.925,0.047,0.04,0.13,0.055999999999999994,0.122,0.512,0.040999999999999995,0.035,0.11,0.244,0.447,0.47100000000000003,2.1,0.068,0.064,0.545
95,42069,3.338,5.0169999999999995,4.832,4.716,4.888999999999999,5.74,4.4110000000000005,3.472,4.636,4.998,5.206,5.184,5.207999999999999,3.196,2.4419999999999997,3.799,2.7030000000000003,2.251,2.37,2.375,0.461,0.256,0.054000000000000006,0.736,0.5660000000000001,1.1159999999999999,1.64,0.033,0.038,0.242,0.252,0.618,0.73,0.972,0.11599999999999999,0.071,0.5760000000000001,1.1520000000000001,0.65,0.41200000000000003,0.831,0.5760000000000001,0.04,0.042,0.701,0.847,0.805,0.872,0.1,0.065,0.605,1.386,1.44,1.124,0.9640000000000001,0.038,0.825,1.923,1.517,1.4040000000000001,2.336,2.164,1.932,1.528
96,45079,6.834,7.591,7.24,7.355,7.624,10.011000000000001,8.674,6.077999999999999,8.401,8.811,8.902000000000001,9.079,9.615,6.617999999999999,4.658,6.877000000000001,5.933,4.8660000000000005,5.65,6.067,3.148,0.833,3.1319999999999997,2.5860000000000003,3.719,3.5180000000000002,4.213,2.647,0.452,2.318,2.352,2.46,3.02,3.542,1.85,0.617,2.3040000000000003,2.398,1.719,2.127,3.1010000000000004,1.771,0.046,1.956,3.088,3.1310000000000002,3.234,4.16,2.373,0.084,3.57,4.178999999999999,3.155,4.527,2.888,1.364,3.735,4.319,3.89,4.629,6.249,4.319,2.912,4.1
97,04019,3.992,6.672000000000001,6.63,6.955,7.563,8.054,6.513,4.0889999999999995,7.098,7.235,7.081,7.087999999999999,7.272,4.989,2.908,5.1610000000000005,4.263999999999999,3.054,2.421,3.54,0.748,0.21100000000000002,1.696,1.5319999999999998,1.6840000000000002,1.112,1.3659999999999999,0.145,0.046,0.731,0.812,0.268,0.517,0.805,0.08800000000000001,0.037000000000000005,0.353,0.4,0.324,0.47200000000000003,0.991,0.05,0.033,0.225,0.426,0.7879999999999999,0.769,1.335,0.134,0.042,0.47,0.826,0.748,1.038,0.099,0.037000000000000005,0.5770000000000001,0.613,0.7290000000000001,1.45,2.8080000000000003,1.003,0.171,0.8
98,06075,2.6630000000000003,3.3369999999999997,3.28,3.463,3.42,3.8369999999999997,3.065,2.622,2.699,2.8939999999999997,3.005,2.79,2.984,1.305,0.6709999999999999,1.6480000000000001,0.069,0.08199999999999999,0.042,0.11699999999999999,0.036000000000000004,0.042,0.034,0.027000000000000003,0.042,0.028999999999999998,0.038,0.025,0.021,0.03,0.028999999999999998,0.026000000000000002,0.042,0.043,0.025,0.02,0.023,0.033,0.025,0.027999999999999997,0.05,0.027000000000000003,0.019,0.03,0.027999999999999997,0.027000000000000003,0.024,0.033,0.028999999999999998,0.027000000000000003,0.025,0.027000000000000003,0.026000000000000002,0.032,0.028999999999999998,0.022000000000000002,0.023,0.027000000000000003,0.024,0.034,0.052000000000000005,0.036000000000000004,0.04,0.028999999999999998
99,08041,3.565,5.528,6.811,6.734,7.057,7.735,6.01,4.042,6.6,6.877000000000001,6.979,7.1610000000000005,5.865,3.714,1.719,5.019,3.1639999999999997,3.622,0.25,1.864,0.418,0.179,1.516,1.3969999999999998,1.665,0.057,0.121,0.038,0.037000000000000005,0.07,0.44799999999999995,0.155,0.055,0.051,0.045,0.040999999999999995,0.28,0.315,0.41600000000000004,0.213,0.81,0.281,0.025,0.033,0.055,0.392,0.052000000000000005,0.77,0.078,0.038,0.6829999999999999,1.2930000000000001,1.105,1.52,0.747,0.076,1.6059999999999999,1.725,1.5819999999999999,2.513,4.086,2.16,1.44,2.448
100,08001,3.6439999999999997,7.3870000000000005,7.818,8.121,8.491,8.82,6.704,4.038,7.609,8.046,8.177999999999999,7.869,7.1,3.807,1.9380000000000002,4.933,3.5610000000000004,3.4810000000000003,0.24100000000000002,1.547,0.22399999999999998,0.07200000000000001,1.995,1.181,1.5290000000000001,0.171,0.078,0.036000000000000004,0.031,0.136,0.526,0.47600000000000003,0.051,0.34299999999999997,0.06,0.038,0.45399999999999996,0.47600000000000003,0.486,0.287,1.119,0.24600000000000002,0.023,0.034,0.11199999999999999,0.47,0.032,0.752,0.069,0.042,1.345,1.088,1.3969999999999998,1.334,0.40399999999999997,0.05,1.374,1.3459999999999999,1.3259999999999998,2.013,3.158,1.2919999999999998,0.877,1.599
101,12071,5.858,8.691,8.79,8.846,9.041,9.794,7.814,5.511,8.214,8.607999999999999,8.696,8.884,8.992,6.653,4.334,7.127000000000001,6.317,5.474,5.56,5.86,2.772,0.976,3.398,3.3310000000000004,3.161,2.94,3.205,0.551,0.095,1.479,1.993,2.157,2.582,1.1340000000000001,0.19399999999999998,0.043,0.812,1.166,1.227,1.475,1.966,0.675,0.036000000000000004,1.161,1.499,1.8330000000000002,1.5659999999999998,2.639,0.992,0.113,3.201,3.755,3.616,3.193,1.2890000000000001,0.099,3.613,4.244,4.243,3.447,5.459,3.61,2.2119999999999997,3.8560000000000003
102,09009,3.883,6.16,6.0089999999999995,6.249,6.647,6.875,5.561,3.8280000000000003,6.0889999999999995,6.321000000000001,6.114,6.14,5.306,3.7,2.063,4.004,2.6830000000000003,2.502,2.154,2.94,1.058,0.225,0.18899999999999997,0.645,0.36200000000000004,1.294,1.5419999999999998,0.07,0.034,0.098,0.311,0.426,0.498,0.42,0.302,0.049,0.528,0.5870000000000001,0.16899999999999998,0.064,0.514,0.268,0.04,0.035,0.649,0.682,0.5489999999999999,1.181,0.051,0.08,0.382,1.29,1.265,1.075,1.516,0.039,0.6,1.7619999999999998,1.2690000000000001,0.902,1.824,2.0980000000000003,1.686,1.284
103,12057,6.33,8.227,8.18,8.241,8.636000000000001,9.259,7.928,5.575,8.022,8.282,8.484,8.504,8.511000000000001,6.196000000000001,4.178,6.245,5.32,4.328,4.235,4.543,2.108,0.8859999999999999,2.528,2.009,2.261,1.943,2.25,0.18899999999999997,0.053,0.6729999999999999,0.972,1.217,1.369,1.338,0.341,0.035,0.602,0.7440000000000001,0.845,0.88,1.463,0.774,0.037000000000000005,0.715,0.8079999999999999,1.058,0.799,1.8840000000000001,0.4,0.14800000000000002,2.628,2.965,2.81,1.128,1.744,0.568,2.452,2.964,2.8169999999999997,2.765,4.202,3.062,1.53,2.258
104,13089,5.0969999999999995,6.995,6.848,6.856,7.108,8.022,7.132000000000001,4.803999999999999,7.071000000000001,7.1339999999999995,7.2139999999999995,7.257999999999999,6.597,4.184,1.724,3.4610000000000003,2.269,1.716,2.122,2.678,0.833,0.065,0.078,0.188,0.41200000000000003,0.303,0.6609999999999999,0.299,0.044000000000000004,0.077,0.053,0.135,0.35,0.396,0.049,0.038,0.055,0.057999999999999996,0.061,0.076,0.348,0.156,0.027999999999999997,0.066,0.13699999999999998,0.14300000000000002,0.25,0.639,0.255,0.027999999999999997,0.522,0.612,0.10099999999999999,1.256,0.653,0.063,0.532,0.665,0.415,1.168,2.5580000000000003,2.005,0.612,0.55
105,13095,4.698,7.335,7.398,6.3629999999999995,6.638999999999999,7.813,6.222,5.06,7.11,7.3229999999999995,7.763,7.6,7.199,4.904,3.637,5.377000000000001,4.7410000000000005,4.98,4.993,5.043,1.186,0.478,2.9819999999999998,3.279,3.86,2.905,3.353,1.464,0.491,2.698,1.8090000000000002,2.988,3.281,3.029,0.728,0.11599999999999999,1.9240000000000002,1.96,2.479,2.821,3.6010000000000004,2.745,0.096,2.471,2.8369999999999997,2.951,3.46,4.112,2.612,0.067,3.766,4.19,1.883,4.6080000000000005,3.214,1.208,3.984,4.268,3.986,5.2829999999999995,6.29,4.5360000000000005,2.407,4.814
106,47157,6.497999999999999,8.372,8.677999999999999,8.747,9.496,10.376,8.979,6.819,7.94,8.512,8.129,8.669,8.613999999999999,5.496,3.773,6.37,6.216,4.915,5.004,5.56,2.6260000000000003,0.29600000000000004,3.63,2.546,2.0669999999999997,2.9389999999999996,3.1689999999999996,1.041,0.7190000000000001,1.734,1.882,2.8169999999999997,2.8,3.214,1.393,0.484,2.127,1.975,2.32,2.7910000000000004,3.0839999999999996,2.1069999999999998,0.037000000000000005,2.242,2.352,2.9960000000000004,3.283,3.9419999999999997,2.667,0.061,3.845,3.315,3.1489999999999996,4.32,2.0780000000000003,1.22,3.622,3.7039999999999997,3.8139999999999996,4.976,5.978,4.251,2.412,4.146
107,44007,3.5839999999999996,5.247999999999999,5.044,5.257999999999999,5.575,5.902,4.651,3.3139999999999996,5.079,5.019,5.1080000000000005,5.31,4.896,3.175,1.682,2.929,1.732,2.0269999999999997,1.3659999999999999,2.403,0.513,0.076,0.262,0.348,0.249,0.579,1.092,0.159,0.031,0.052000000000000005,0.201,0.08800000000000001,0.146,0.081,0.09300000000000001,0.04,0.225,0.292,0.066,0.046,0.518,0.083,0.037000000000000005,0.032,0.252,0.188,0.187,0.5820000000000001,0.034,0.049,0.10099999999999999,0.619,0.934,0.261,0.8220000000000001,0.037000000000000005,0.1,0.7170000000000001,0.934,0.382,1.246,1.4080000000000001,0.99,0.466
108,42011,3.929,6.57,6.4110000000000005,6.6979999999999995,6.8839999999999995,7.596,6.228,4.2860000000000005,6.5329999999999995,6.602,6.928999999999999,6.641,6.638,4.122,2.244,4.895,3.0460000000000003,2.972,2.7880000000000003,3.0460000000000003,0.193,0.05,0.08199999999999999,0.426,0.154,0.966,1.5230000000000001,0.03,0.033,0.131,0.091,0.363,0.43,0.445,0.055,0.046,0.43200000000000005,0.537,0.584,0.122,0.26,0.16899999999999998,0.035,0.040999999999999995,0.33,0.536,0.424,1.02,0.063,0.046,0.682,1.7169999999999999,1.459,1.247,0.818,0.031,1.12,2.092,1.815,1.055,2.4730000000000003,2.258,1.064,1.298
109,46099,4.117,5.625,5.781000000000001,5.792000000000001,5.7379999999999995,6.332000000000001,5.43,4.09,5.642,5.64,5.707000000000001,5.752000000000001,5.836,3.0039999999999996,2.093,4.621,4.507,4.0680000000000005,3.5980000000000003,3.9019999999999997,1.6380000000000001,0.564,3.133,3.238,2.929,2.867,3.465,0.258,0.359,2.695,2.772,2.755,2.092,2.366,0.8809999999999999,0.24600000000000002,2.589,2.714,2.511,2.168,2.725,1.1059999999999999,0.03,1.538,1.7169999999999999,2.1830000000000003,2.085,2.84,1.796,0.17600000000000002,3.048,2.951,3.138,3.0869999999999997,1.073,0.48200000000000004,2.875,2.5140000000000002,3.095,4.072,5.236000000000001,3.633,2.5069999999999997,2.392
